Theravāda,Theravāda,Theravāda,Mahāsaṁghika,Mahāsaṁghika,Mahāsaṁghika,Mahāsaṁghika,Lokuttaravāda,Lokuttaravāda,Mahīśāsaka,Mahīśāsaka,Dharmaguptaka,Dharmaguptaka,Dharmaguptaka,Dharmaguptaka,Sarvāstivāda,Sarvāstivāda,Sarvāstivāda,Sarvāstivāda,Sarvāstivāda,Mūlasarvāstivāda,Mūlasarvāstivāda,Mūlasarvāstivāda,Mūlasarvāstivāda,Mūlasarvāstivāda,Mūlasarvāstivāda,Mūlasarvāstivāda,Kāśyapīya,Upāliparipṛcchā,Qizil,Bhikkhu Pātimokkha (unknown school)
Pali,Pali,Pali,Chinese,Chinese,Sanskrit,Sanskrit,Sanskrit,Sanskrit,Chinese,Chinese,Chinese,Chinese,Prakrit,Prakrit,Chinese,Chinese,Sanskrit,Sanskrit,Sanskrit,Chinese,Chinese,Sanskrit,Sanskrit,Sanskrit,Tibetan,Tibetan,Chinese,Sanskrit,Sanskrit,Prakrit
Bhikkhunī,Bhikkhu,Kandhaka,Bhikkhunī,Bhikkhu,Bhikkhunī,Bhikkhu,Bhikkhunī,Bhikkhu,Bhikkhunī,Bhikkhu,Bhikkhunī,Bhikkhu,Bhikkhunī,Bhikkhu,Bhikkhunī,Bhikkhu,Bhikkhunī,Bhikkhu,Śikṣamānā,Bhikkhunī,Bhikkhu,Bhikkhunī,Bhikkhu,Kandhaka,Bhikkhunī,Bhikkhu,Bhikkhu,Bhikkhu,Bhikkhu,Bhikkhu
pli-tv-bi,pli-tv-bu,pli-tv-kd,lzh-mg-bi,lzh-mg-bu,san-mg-bi,san-mg-bu,san-lo-bi,san-lo-bu,lzh-mi-bi,lzh-mi-bu,lzh-dg-bi,lzh-dg-bu,pgd-dg-bi,pgd-dg-bu,lzh-sarv-bi,lzh-sarv-bu,san-sarv-bi,san-sarv-bu,san-sarv-sm,lzh-mu-bi,lzh-mu-bu,san-mu-bi,san-mu-bu,san-mu-kd,xct-mu-bi,xct-mu-bu,lzh-ka-bu,lzh-upp-bu,san-bu-pm,pgd-pm-bf13
,,,,,,,,,,,,,,,,,,,,,,,,,,,,,,
pm-pj1; vb-pj1,pm-pj1; vb-pj1,,pm-pj1; vb-pj1,pm-pj1; vb-pj1,,pm-pj1,vb-pj1,pm-pj1,pm-pj1; vb-pj1,pm-pj1; vb-pj1,pm-pj1; vb-pj1,pm-2-pj1; pm-pj1; vb-pj1,,,pm-pj1; vb-pj1,pm-2-pj1; pm-pj1; vb-pj1,,pm-finot-pj1; pm-tf11-pj1,,pm-pj1; vb-pj1,pm-pj1; vb-pj1,,pm-gbm3-pj1; pm-mpt-pj1,,pm-pj1; vb-pj1,pm-pj1; vb-pj1,pm-pj1,pj1,,
pm-pj2; vb-pj2,pm-pj2; vb-pj2,,pm-pj2; vb-pj2,pm-pj2; vb-pj2,,pm-pj2,vb-pj2,pm-pj2,pm-pj2; vb-pj2,pm-pj2; vb-pj2,pm-pj2; vb-pj2,pm-2-pj2; pm-pj2; vb-pj2,,,pm-pj2; vb-pj2,pm-2-pj2; pm-pj2; vb-pj2,,pm-finot-pj2; pm-tf11-pj2,,pm-pj2; vb-pj2,pm-pj2; vb-pj2,,pm-gbm2-pj2; pm-gbm3-pj2; pm-mpt-pj2,,pm-pj2; vb-pj2,pm-pj2; vb-pj2,pm-pj2,pj2,qizil-pj2,
pm-pj3; vb-pj3,pm-pj3; vb-pj3,,pm-pj3; vb-pj3,pm-pj3; vb-pj3,,pm-pj3,vb-pj3,pm-pj3,pm-pj3; vb-pj3,pm-pj3; vb-pj3,pm-pj3; vb-pj3,pm-2-pj3; pm-pj3; vb-pj3,,,pm-pj3; vb-pj3,pm-2-pj3; pm-pj3; vb-pj3,,pm-finot-pj3; pm-tf11-pj3,,pm-pj3; vb-pj3,pm-pj3; vb-pj3,,pm-gbm2-pj3; pm-gbm3-pj3; pm-mpt-pj3,,pm-pj3; vb-pj3,pm-pj3; vb-pj3,pm-pj3,pj3,,
pm-pj4; vb-pj4; pm-pc104~; vb-pc104~,pm-pj4; vb-pj4; pm-pc8~; vb-pc8~,,pm-pj4; vb-pj4; pm-pc7~; vb-pc7~,pm-pj4; vb-pj4; pm-pc7~; vb-pc7~,,pm-pj4; pm-pc7~,vb-pj4; vb-pc7~,pm-pj4; pm-pc7~,pm-pj4; vb-pj4; pm-pc8~; vb-pc8~,pm-pj4; vb-pj4; pm-pc8~; vb-pc8~,pm-pj4; vb-pj4; pm-pc8~; vb-pc8~,pm-2-pj4; pm-pj4; vb-pj4; pm-2-pc8~; pm-pc8~; vb-pc8~,,,pm-pj4; vb-pj4; pm-dh-pc7~; pm-pc6~; vb-pc6~,pm-2-pj4; pm-pj4; vb-pj4; pm-2-pc7~; pm-pc7~; vb-pc7~,pm-tf44-pc6~,pm-tf11-pj4; pm-finot-pc7~; pm-tf11-pc7~,,pm-pj4; vb-pj4; pm-pc8~; vb-pc8~,pm-pj4; vb-pj4; pm-pc7~; vb-pc7~,,pm-gbm2-pj4; pm-gbm3-pj4; pm-mpt-pj4; pm-gbm3-pc8~; pm-mpt-pc6~,,pm-pj4; vb-pj4; pm-pc8~; vb-pc8~,pm-pj4; vb-pj4; pm-pc7~; vb-pc7~,pm-pj4; pm-pc7~,pj4; pc7~,,
,pm-ss1; vb-ss1,,,pm-ss1; vb-ss1,,pm-ss1,,pm-ss1,,pm-ss1; vb-ss1,,pm-2-ss1; pm-ss1; vb-ss1,,,,pm-2-ss1; pm-ss1; vb-ss1,,pm-finot-ss1; pm-tf11-ss1,,,pm-ss1; vb-ss1,,pm-gbm2-ss1; pm-gbm3-ss1; pm-mpt-ss1,,,pm-ss1; vb-ss1,pm-ss1,ss1,,
,pm-ss2; vb-ss2,,,pm-ss2; vb-ss2,,pm-ss2,,pm-ss2,,pm-ss2; vb-ss2,,pm-2-ss2; pm-ss2; vb-ss2,,,,pm-2-ss2; pm-ss2; vb-ss2,,pm-finot-ss2; pm-tf11-ss2,,,pm-ss2; vb-ss2,,pm-gbm2-ss2; pm-gbm3-ss2; pm-mpt-ss2,,,pm-ss2; vb-ss2,pm-ss2,ss2,,
,pm-ss3; vb-ss3,,,pm-ss3; vb-ss3,,pm-ss3,,pm-ss3,,pm-ss3; vb-ss3,,pm-2-ss3; pm-ss3; vb-ss3,,,,pm-2-ss3; pm-ss3; vb-ss3,,pm-finot-ss3; pm-tf11-ss3,,,pm-ss3; vb-ss3,,pm-gbm3-ss3; pm-mpt-ss3,,,pm-ss3; vb-ss3,pm-ss3,ss3,,
,pm-ss4; vb-ss4,,,pm-ss4; vb-ss4,,pm-ss4,,pm-ss4,,pm-ss4; vb-ss4,,pm-2-ss4; pm-ss4; vb-ss4,,,,pm-2-ss4; pm-ss4; vb-ss4,,pm-finot-ss4; pm-tf11-ss4,,,pm-ss4; vb-ss4,,pm-gbm2-ss4; pm-gbm3-ss4; pm-mpt-ss4,,,pm-ss4; vb-ss4,pm-ss4,ss4,,
pm-ss7; vb-ss7,pm-ss5; vb-ss5,,pm-ss1; vb-ss1,pm-ss5; vb-ss5,,pm-ss5,vb-ss1,pm-ss5,pm-ss1; vb-ss1,pm-ss5; vb-ss5,pm-ss1; vb-ss1,pm-2-ss5; pm-ss5; vb-ss5,,,pm-ss1; vb-ss1,pm-2-ss5; pm-ss5; vb-ss5,pm-tf3215-ss1; pm-tf44-ss1,pm-finot-ss5; pm-tf11-ss5,,pm-ss1; vb-ss1,pm-ss5; vb-ss5,,pm-gbm2-ss5; pm-gbm3-ss5; pm-mpt-ss5,,pm-ss1; vb-ss1,pm-ss5; vb-ss5,pm-ss5,ss5,,
,pm-ss6; vb-ss6,,,pm-ss6; vb-ss6,,pm-ss6,,pm-ss6,,pm-ss6; vb-ss6,,pm-2-ss6; pm-ss6; vb-ss6,,,,pm-2-ss6; pm-ss6; vb-ss6,,pm-finot-ss6; pm-tf11-ss6,,,pm-ss6; vb-ss6,,pm-gbm2-ss6; pm-gbm3-ss6; pm-mpt-ss6,,,pm-ss6; vb-ss6,pm-ss6,ss6,qizil-ss6,
,pm-ss7; vb-ss7,,,pm-ss7; vb-ss7,,pm-ss7,,pm-ss7,,pm-ss7; vb-ss7,,pm-2-ss7; pm-ss7; vb-ss7,,,,pm-2-ss7; pm-ss7; vb-ss7,,pm-finot-ss7; pm-tf11-ss7,,,pm-ss7; vb-ss7,,pm-gbm2-ss7; pm-gbm3-ss7; pm-mpt-ss7,,,pm-ss7; vb-ss7,pm-ss7,ss7,qizil-ss7,
pm-ss8; vb-ss8,pm-ss8; vb-ss8,,pm-ss2; vb-ss2,pm-ss8; vb-ss8,,pm-ss8,vb-ss2,pm-ss8,pm-ss2; vb-ss2,pm-ss8; vb-ss8,pm-ss2; vb-ss2,pm-2-ss8; pm-ss8; vb-ss8,,,pm-ss2; vb-ss2,pm-2-ss8; pm-ss8; vb-ss8,pm-tf3215-ss2; pm-tf44-ss2,pm-finot-ss8; pm-tf11-ss8,,pm-ss2; vb-ss2,pm-ss8; vb-ss8,,pm-gbm2-ss8; pm-gbm3-ss8; pm-mpt-ss8,,pm-ss2; vb-ss2,pm-ss8; vb-ss8,pm-ss8,ss8,qizil-ss8,
pm-ss9; vb-ss9,pm-ss9; vb-ss9,,pm-ss3; vb-ss3,pm-ss9; vb-ss9,,pm-ss9,vb-ss3,pm-ss9,pm-ss3; vb-ss3,pm-ss9; vb-ss9,pm-ss3; vb-ss3,pm-2-ss9; pm-ss9; vb-ss9,,,pm-ss3; vb-ss3,pm-2-ss9; pm-ss9; vb-ss9,pm-tf3215-ss3; pm-tf44-ss3,pm-finot-ss9; pm-tf11-ss9,,pm-ss3; vb-ss3,pm-ss9; vb-ss9,,pm-gbm2-ss9; pm-gbm3-ss9; pm-mpt-ss9,,pm-ss3; vb-ss3,pm-ss9; vb-ss9,pm-ss9,ss9,qizil-ss9,
pm-ss14; vb-ss14,pm-ss10; vb-ss10,,pm-ss13; vb-ss13,pm-ss10; vb-ss10,,pm-ss10,vb-ss13,pm-ss10,pm-ss10; vb-ss10,pm-ss10; vb-ss10,pm-ss10; vb-ss10,pm-2-ss10; pm-ss10; vb-ss10,,,pm-ss10; vb-ss10,pm-2-ss10; pm-ss10; vb-ss10,,pm-finot-ss10; pm-tf11-ss10,,pm-ss17; vb-ss17,pm-ss10; vb-ss10,,pm-gbm2-ss10; pm-gbm3-ss10; pm-mpt-ss10,,pm-ss17; vb-ss17,pm-ss10; vb-ss10,pm-ss10,ss10,,
pm-ss15; vb-ss15,pm-ss11; vb-ss11,,pm-ss14; vb-ss14,pm-ss11; vb-ss11,,pm-ss11,vb-ss14,pm-ss11,pm-ss11; vb-ss11,pm-ss11; vb-ss11,pm-ss11; vb-ss11,pm-2-ss11; pm-ss11; vb-ss11,,,pm-ss11; vb-ss11,pm-2-ss11; pm-ss11; vb-ss11,pm-tf3215-ss11; pm-tf44-ss11,pm-finot-ss11; pm-tf11-ss11,,pm-ss18; vb-ss18,pm-ss11; vb-ss11,,pm-gbm2-ss11; pm-gbm3-ss11; pm-mpt-ss11,,pm-ss18; vb-ss18,pm-ss11; vb-ss11,pm-ss11,ss11,,
pm-ss16; vb-ss16,pm-ss12; vb-ss12,,pm-ss16; vb-ss16,pm-ss12; vb-ss12,,pm-ss12,vb-ss16,pm-ss12,pm-ss13; vb-ss13,pm-ss12; vb-ss12,pm-ss12; vb-ss12,pm-2-ss13; pm-ss13; vb-ss13,,,pm-ss12; vb-ss12,pm-2-ss13; pm-ss13; vb-ss13,pm-tf3215-ss12; pm-tf44-ss12,pm-finot-ss13; pm-tf11-ss13,,pm-ss19; vb-ss19,pm-ss13; vb-ss13,,pm-gbm2-ss13; pm-gbm3-ss13; pm-mpt-ss13,,pm-ss19; vb-ss19,pm-ss13; vb-ss13,pm-ss13,ss13,,
pm-ss17; vb-ss17,pm-ss13; vb-ss13,,,pm-ss13; vb-ss13,,pm-ss13,,pm-ss13,pm-ss12; vb-ss12,pm-ss13; vb-ss13,pm-ss13; vb-ss13,pm-2-ss12; pm-ss12; vb-ss12,,,pm-ss13; vb-ss13,pm-2-ss12; pm-ss12; vb-ss12,,pm-finot-ss12; pm-tf11-ss12,,pm-ss20; vb-ss20,pm-ss12; vb-ss12,,pm-gbm2-ss12; pm-gbm3-ss12; pm-mpt-ss12,,pm-ss20; vb-ss20,pm-ss12; vb-ss12,pm-ss12,ss12,,
,pm-ay1; vb-ay1,,,pm-ay1; vb-ay1,,pm-ay1,,pm-ay1,,pm-ay1; vb-ay1,,pm-2-ay1; pm-ay1; vb-ay1,,,,pm-2-ay1; pm-ay1; vb-ay1,,pm-finot-ay1; pm-tf11-ay1,,,pm-ay1; vb-ay1,,pm-gbm3-ay1; pm-mpt-ay1,,,pm-ay1; vb-ay1,pm-ay1,,,
,pm-ay2; vb-ay2,,,pm-ay2; vb-ay2,,pm-ay2,,pm-ay2,,pm-ay2; vb-ay2,,pm-2-ay2; pm-ay2; vb-ay2,,,,pm-2-ay2; pm-ay2; vb-ay2,,pm-finot-ay2; pm-tf11-ay2,,,pm-ay2; vb-ay2,,pm-gbm3-ay2; pm-mpt-ay2,,,pm-ay2; vb-ay2,pm-ay2,,,
pm-np13; vb-np13,pm-np1; vb-np1,,pm-np1; vb-np1,pm-np1; vb-np1,,pm-np1,vb-np1,pm-np1,pm-np1; vb-np1,pm-np1; vb-np1,pm-np1; vb-np1,pm-2-np1; pm-np1; vb-np1,,,pm-np1; vb-np1,pm-2-np1; pm-np1; vb-np1,,pm-finot-np1; pm-tf11-np1,,pm-np1; vb-np1,pm-np1; vb-np1,,pm-gbm3-np1; pm-mpt-np1,,pm-np1; vb-np1,pm-np1; vb-np1,pm-np1,np1,,np1
pm-np14; vb-np14,pm-np2; vb-np2,,pm-np2; vb-np2,pm-np2; vb-np2,,pm-np2,vb-np2,pm-np2,pm-np2; vb-np2,pm-np2; vb-np2,pm-np2; vb-np2,pm-2-np2; pm-np2; vb-np2,,,pm-np2; vb-np2,pm-2-np2; pm-np2; vb-np2,,pm-finot-np2; pm-tf11-np2,,pm-np2; vb-np2,pm-np2; vb-np2,,pm-gbm3-np2; pm-mpt-np2,,pm-np2; vb-np2,pm-np2; vb-np2,pm-np2,np2,,np2
pm-np15; vb-np15,pm-np3; vb-np3,,pm-np3; vb-np3,pm-np3; vb-np3,,pm-np3,vb-np3,pm-np3,pm-np3; vb-np3,pm-np3; vb-np3,pm-np3; vb-np3,pm-2-np3; pm-np3; vb-np3,,,pm-np3; vb-np3,pm-2-np3; pm-np3; vb-np3,,pm-finot-np3; pm-tf11-np3,,pm-np3; vb-np3,pm-np3; vb-np4,,pm-gbm3-np3; pm-mpt-np3,,pm-np3; vb-np3,pm-np3; vb-np3,pm-np3,np3,,np3
,pm-np5; vb-np5,,,pm-np4; vb-np4,,pm-np4,,pm-np4,,pm-np4; vb-np4,,pm-2-np4; pm-np4; vb-np4,,,,pm-2-np4; pm-np4; vb-np4,,pm-finot-np4; pm-tf11-np5,,pm-np5; vb-np5,pm-np4; vb-np3,,pm-gbm3-np5; pm-mpt-np5,,pm-np5; vb-np5,pm-np4; vb-np4,pm-np4,np4,,np5
,pm-np4; vb-np4,,,pm-np5; vb-np5,,pm-np5,,pm-np5,,pm-np5; vb-np5,,pm-2-np5; pm-np5; vb-np5,,,,pm-2-np5; pm-np5; vb-np5,,pm-finot-np5; pm-tf11-np4,,pm-np4; vb-np4,pm-np5; vb-np5,,pm-gbm3-np4; pm-mpt-np4,,pm-np4; vb-np4,pm-np5; vb-np5,pm-np5,np5,,np4
pm-np16; vb-np16,pm-np6; vb-np6,,pm-np6; vb-np6,pm-np6; vb-np6,,pm-np6,vb-np6,pm-np6,pm-np4; vb-np4,pm-np6; vb-np6,pm-np4; vb-np4,pm-2-np6; pm-np6; vb-np6,,,pm-np4; vb-np4,pm-2-np6; pm-np6; vb-np6,,pm-finot-np6; pm-tf11-np6,,pm-np6; vb-np6,pm-np6; vb-np6,,pm-gbm3-np6; pm-mpt-np6,,pm-np6; vb-np6,pm-np6; vb-np6,pm-np6,np6,qizil-np6,np6
pm-np17; vb-np17,pm-np7; vb-np7,,pm-np7; vb-np7,pm-np7; vb-np7,,pm-np7,vb-np7,pm-np7,pm-np5; vb-np5,pm-np7; vb-np7,pm-np5; vb-np5,pm-2-np7; pm-np7; vb-np7,,,pm-np5; vb-np5,pm-2-np7; pm-np7; vb-np7,pm-tf3215-np5; pm-tf44-np5,pm-finot-np7; pm-tf11-np7,,pm-np7; vb-np7,pm-np7; vb-np7,,pm-gbm3-np7; pm-mpt-np7,,pm-np7; vb-np7,pm-np7; vb-np7,pm-np7,np7,,np7
pm-np18; vb-np18,pm-np8; vb-np8,,pm-np8; vb-np8,pm-np8; vb-np8,,pm-np8,vb-np8,pm-np8,pm-np6; vb-np6,pm-np8; vb-np8,pm-np6; vb-np6,pm-2-np8; pm-np8; vb-np8,,,pm-np6; vb-np6,pm-2-np8; pm-np8; vb-np8,pm-tf3215-np6; pm-tf44-np6,pm-finot-np8; pm-tf11-np8,,pm-np8; vb-np8,pm-np8; vb-np8,,pm-gbm3-np8; pm-mpt-np8,,pm-np8; vb-np8,pm-np8; vb-np8,pm-np8,np8,,np8
pm-np19; vb-np19,pm-np9; vb-np9,,pm-np9; vb-np9,pm-np9; vb-np9,,pm-np9,vb-np9,pm-np9,pm-np7; vb-np7,pm-np9; vb-np9,pm-np7; vb-np7,pm-2-np9; pm-np9; vb-np9,,,pm-np7; vb-np7,pm-2-np9; pm-np9; vb-np9,,pm-finot-np9; pm-tf11-np9,,pm-np9; vb-np9,pm-np9; vb-np9,,pm-gbm3-np9; pm-mpt-np9,,pm-np9; vb-np9,pm-np9; vb-np9,pm-np9,np9,,np9
pm-np20; vb-np20,pm-np10; vb-np10,,pm-np10; vb-np10,pm-np10; vb-np10,,pm-np10,vb-np10,pm-np10,pm-np8; vb-np8,pm-np10; vb-np10,pm-np8; vb-np8,pm-2-np10; pm-np10; vb-np10,,,pm-dh-np8; pm-np8; vb-np8,pm-2-np10; pm-np10; vb-np10,pm-tf3215-np8; pm-tf44-np8,pm-finot-np10; pm-tf11-np10,,pm-np10; vb-np10,pm-np10; vb-np10,,pm-gbm3-np10; pm-mpt-np10,,pm-np10; vb-np10,pm-np10; vb-np10,pm-np10,np10,qizil-np10,
,pm-np12; vb-np12,,,pm-np11; vb-np11,,pm-np11,,pm-np11,,pm-np22; vb-np22,,pm-2-np12; pm-np12; vb-np12,,,,pm-2-np12; pm-np12; vb-np12,,pm-finot-np12; pm-tf11-np12,,,pm-np12; vb-np12,,pm-gbm3-np12; pm-mpt-np12,,,pm-np12; vb-np12,pm-np12,np12,qizil-np12,
,pm-np13; vb-np13,,,pm-np12; vb-np12,,pm-np12,,pm-np12,,pm-np23; vb-np23,,pm-2-np13; pm-np13; vb-np13,,,,pm-2-np13; pm-np13; vb-np13,,pm-finot-np13; pm-tf11-np13,,,pm-np13; vb-np13,,pm-gbm3-np13; pm-mpt-np13,,,pm-np13; vb-np13,pm-np13,np13,qizil-np13,
,pm-np11; vb-np11,,,pm-np13; vb-np13,,pm-np13,,pm-np13,,pm-np21; vb-np21,,pm-2-np11; pm-np11; vb-np11,,,,pm-2-np11; pm-np11; vb-np11,,pm-finot-np11; pm-tf11-np11,,,pm-np11; vb-np11,,pm-gbm3-np11; pm-mpt-np11,,,pm-np11; vb-np11,pm-np11,np11,qizil-np11,
,pm-np14; vb-np14,,,pm-np14; vb-np14,,pm-np14,,pm-np14,,pm-np24; vb-np24,,pm-2-np14; pm-np14; vb-np14,,,,pm-2-np14; pm-np14; vb-np14,,pm-finot-np14; pm-tf11-np14,,,pm-np14; vb-np14,,pm-gbm3-np14; pm-mpt-np14,,,pm-np14; vb-np14,pm-np15,np14,qizil-np14,
,pm-np15; vb-np15,,,pm-np15; vb-np15,,pm-np15,,pm-np15,,pm-np25; vb-np25,,pm-2-np15; pm-np15; vb-np15,,,,pm-2-np15; pm-np15; vb-np15,,pm-finot-np15; pm-tf11-np15,,,pm-np15; vb-np15,,pm-gbm3-np15; pm-mpt-np15,,,pm-np15; vb-np15,pm-np14,np15,qizil-np15,
,pm-np16; vb-np16,,,pm-np16; vb-np16,,pm-np16,,pm-np16,,pm-np26; vb-np26,,pm-2-np16; pm-np16; vb-np16,,,,pm-2-np16; pm-np16; vb-np16,,pm-finot-np16; pm-tf11-np16,,,pm-np16; vb-np16,,pm-gbm3-np16; pm-mpt-np16,,,pm-np16; vb-np16,pm-np16,np16,qizil-np16,
,pm-np17; vb-np17,,,pm-np17; vb-np17,,pm-np17,,pm-np17,,pm-np27; vb-np27,,pm-2-np17; pm-np17; vb-np17,,,,pm-2-np17; pm-np17; vb-np17,,pm-finot-np17; pm-tf11-np17,,,pm-np17; vb-np17,,pm-gbm3-np17; pm-mpt-np17,,,pm-np17; vb-np17,pm-np17,np17,,
pm-np21; vb-np21,pm-np18; vb-np18,22#15~; 22#67~,pm-np4; vb-np4,pm-np18; vb-np18,,pm-np18,vb-np4,pm-np18,pm-np18; vb-np18,pm-np30; vb-np30,pm-np9; vb-np9,pm-2-np18; pm-np18; vb-np18,,,pm-dh-np9; pm-np9; vb-np9,pm-2-np18; pm-np18; vb-np18,,pm-finot-np18; pm-tf11-np18,,pm-np11; vb-np11,pm-np18; vb-np18,,pm-gbm3-np18; pm-mpt-np18,,pm-np11; vb-np11,pm-np18; vb-np18,pm-np20,np18,,
pm-np23; vb-np23,pm-np20; vb-np20,,pm-np5; vb-np5,pm-np19; vb-np19,,pm-np19,vb-np5,pm-np19,pm-np16; vb-np16,pm-np28; vb-np28,pm-np11; vb-np11,pm-2-np20; pm-np20; vb-np20,,,pm-dh-np11; pm-np11; vb-np11,pm-2-np20; pm-np20; vb-np20,,pm-finot-np20; pm-tf11-np20,,pm-np13; vb-np13,pm-np20; vb-np20,,pm-gbm3-np20; pm-mpt-np20,,pm-np13; vb-np13,pm-np20; vb-np20,pm-np18,np20,,
pm-np22; vb-np22,pm-np19; vb-np19,,pm-np25; vb-np25,pm-np20; vb-np20,,pm-np20,vb-np25,pm-np20,pm-np17; vb-np17,pm-np29; vb-np29,pm-np10; vb-np10,pm-2-np19; pm-np19; vb-np19,,,pm-dh-np10; pm-np10; vb-np10,pm-2-np19; pm-np19; vb-np19,,pm-finot-np19; pm-tf11-np19,,pm-np12; vb-np12,pm-np19; vb-np19,,pm-gbm3-np19; pm-mpt-np19,,pm-np12; vb-np12,pm-np19; vb-np19,pm-np19,np19,,
,pm-np21; vb-np21,,pm-np21; vb-np21,pm-np21; vb-np21,,pm-np21,vb-np21,pm-np21,,pm-np20; vb-np20,,pm-2-np21; pm-np21; vb-np21,,,,pm-2-np21; pm-np21; vb-np21,,pm-finot-np21; pm-tf11-np21,,,pm-np21; vb-np21,,pm-gbm3-np21; pm-mpt-np21,,,pm-np21; vb-np21,pm-np21,np21,,
pm-np24; vb-np24,pm-np22; vb-np22,,pm-np22; vb-np22,pm-np22; vb-np22,,pm-np22,vb-np22,pm-np22,pm-np15; vb-np15,pm-np19; vb-np19,pm-np12; vb-np12,pm-2-np22; pm-np22; vb-np22,,,pm-dh-np12; pm-np12; vb-np12,pm-2-np22; pm-np22; vb-np22,,pm-finot-np22; pm-tf11-np22,,pm-np14; vb-np14,pm-np22; vb-np22,,pm-gbm3-np22; pm-mpt-np22,,pm-np14; vb-np14,pm-np22; vb-np22,pm-np22,np22,,
pm-np25; vb-np25,pm-np23; vb-np23,6#43-#49,pm-np23; vb-np23,pm-np23; vb-np23,,pm-np23,vb-np23,pm-np23,pm-np13; vb-np13,pm-np15; vb-np15,pm-np16; vb-np16,pm-2-np26; pm-np26; vb-np26,,,pm-dh-np18; pm-np18; vb-np18,pm-2-np30; pm-np30; vb-np30,pm-tf3215-np18,pm-finot-np30; pm-tf11-np30,,pm-np19; vb-np19,pm-np30; vb-np30,,pm-gbm3-np30; pm-mpt-np30,,pm-np19; vb-np19,pm-np30; vb-np30,pm-np30,np30,,
pm-np26; vb-np26,pm-np25; vb-np25,,pm-np24; vb-np24,pm-np24; vb-np24,,pm-np24,vb-np24,pm-np24,pm-np11; vb-np11,pm-np13; vb-np13,pm-np15; vb-np15,pm-2-np25; pm-np25; vb-np25,,,pm-dh-np15; pm-np15; vb-np15,pm-2-np25; pm-np25; vb-np25,pm-tf3215-np15,pm-finot-np25; pm-tf11-np25,,pm-np17; vb-np17,pm-np25; vb-np25,,pm-gbm3-np25; pm-mpt-np25,,pm-np17; vb-np17,pm-np25; vb-np25,pm-np25,np25,,
,pm-np24; vb-np24,,,pm-np25; vb-np25,,pm-np25,,pm-np25,,pm-np17; vb-np17,,pm-2-np27; pm-np27; vb-np27,,,,pm-2-np28; pm-np28; vb-np28,,pm-finot-np26; pm-tf11-np26,,,pm-np28; vb-np28,,pm-gbm3-np28; pm-mpt-np28,,,pm-np28; vb-np28,pm-np27,np28,,
pm-np27; vb-np27,pm-np26; vb-np26,,pm-np26; vb-np26,pm-np26; vb-np26,,pm-np26,vb-np26,pm-np26,pm-np9; vb-np9,pm-np11; vb-np11,pm-np13; vb-np13,pm-2-np23; pm-np23; vb-np23,,,pm-dh-np13; pm-np13; vb-np13,pm-2-np23; pm-np23; vb-np23,,pm-finot-np23; pm-tf11-np23,,pm-np15; vb-np15,pm-np23; vb-np23,,pm-gbm3-np23; pm-mpt-np23,,pm-np15; vb-np15,pm-np23; vb-np23,pm-np23,np23,,
pm-np28; vb-np28,pm-np27; vb-np27,,pm-np27; vb-np27,pm-np27; vb-np27,,pm-np27,vb-np27,pm-np27,pm-np10; vb-np10,pm-np12; vb-np12,pm-np14; vb-np14,pm-2-np24; pm-np24; vb-np24,,,pm-dh-np14; pm-np14; vb-np14,pm-2-np24; pm-np24; vb-np24,pm-tf3215-np14,pm-finot-np24; pm-tf11-np24,,pm-np16; vb-np16,pm-np24; vb-np24,,pm-gbm3-np24; pm-mpt-np24,,pm-np16; vb-np16,pm-np24; vb-np24,pm-np24,np24,,
pm-np29; vb-np29,pm-np28; vb-np28,,pm-np28; vb-np28,pm-np28; vb-np28,,pm-np28,vb-np28,pm-np28,pm-np14; vb-np14,pm-np18; vb-np18,pm-np17; vb-np17,pm-2-np28; pm-np28; vb-np28,,,pm-dh-np16; pm-np16; vb-np16,pm-2-np27; pm-np27; vb-np27,pm-tf3215-np16,pm-finot-np28; pm-tf11-np27,,,pm-np27; vb-np27,,pm-gbm3-np26; pm-mpt-np27,,,pm-np26; vb-np26,pm-np28,np27,,
,pm-np29; vb-np29,,,pm-np29; vb-np29,,pm-np29,,pm-np29,,pm-np16; vb-np16,,pm-2-np29; pm-np29; vb-np29,,,,pm-2-np26; pm-np26; vb-np26,,pm-finot-np27; pm-tf11-np28,,,pm-np26; vb-np26,,pm-gbm3-np27; pm-mpt-np26,,,pm-np27; vb-np27,pm-np26,np26,,
pm-np30; vb-np30,pm-np30; vb-np30,,pm-np30; vb-np30,pm-np30; vb-np30,,pm-np30,vb-np30,pm-np30,pm-np12; vb-np12,pm-np14; vb-np14,pm-np18; vb-np18,pm-2-np30; pm-np30; vb-np30,,,pm-dh-np17; pm-np17; vb-np17,pm-2-np29; pm-np29; vb-np29,pm-tf3215-np17,pm-finot-np29; pm-tf11-np29,,pm-np18; vb-np18,pm-np29; vb-np29,,pm-gbm3-np29; pm-mpt-np29,,pm-np18; vb-np18,pm-np29; vb-np29,pm-np29,np29,,
pm-pc97; vb-pc97,pm-pc1; vb-pc1,,pm-pc1; vb-pc1,pm-pc1; vb-pc1,,pm-pc1,vb-pc1,pm-pc1,pm-pc1; vb-pc1,pm-pc1; vb-pc1,pm-pc1; vb-pc1,pm-2-pc1; pm-pc1; vb-pc1,,,pm-dh-pc1; pm-pc1; vb-pc1,pm-2-pc1; pm-pc1; vb-pc1,,pm-finot-pc1; pm-tf11-pc1,,pm-pc1; vb-pc1,pm-pc1; vb-pc1,,pm-gbm3-pc1; pm-mpt-pc1,,pm-pc1; vb-pc1,pm-pc1; vb-pc1,pm-pc1,pc1,,
pm-pc98; vb-pc98,pm-pc2; vb-pc2,,pm-pc2; vb-pc2,pm-pc2; vb-pc2,,pm-pc2,vb-pc2,pm-pc2,pm-pc2; vb-pc2,pm-pc2; vb-pc2,pm-pc2; vb-pc2,pm-2-pc2; pm-pc2; vb-pc2,,,pm-dh-pc2; pm-pc2; vb-pc2,pm-2-pc2; pm-pc2; vb-pc2,,pm-finot-pc2; pm-tf11-pc2,,pm-pc2; vb-pc2,pm-pc2; vb-pc2,,pm-gbm3-pc2; pm-mpt-pc2,,pm-pc2; vb-pc2,pm-pc2; vb-pc2,pm-pc3,pc2,,
pm-pc99; vb-pc99,pm-pc3; vb-pc3,,pm-pc3; vb-pc3,pm-pc3; vb-pc3,,pm-pc3,vb-pc3,pm-pc3,pm-pc3; vb-pc3,pm-pc3; vb-pc3,pm-pc3; vb-pc3,pm-2-pc3; pm-pc3; vb-pc3,,,pm-dh-pc3; pm-pc3; vb-pc3,pm-2-pc3; pm-pc3; vb-pc3,,pm-finot-pc3; pm-tf11-pc3,,pm-pc3; vb-pc3,pm-pc3; vb-pc3,,pm-gbm3-pc3; pm-mpt-pc3,,pm-pc3; vb-pc3,pm-pc3; vb-pc3,pm-pc2,pc3,,
pm-pc144; vb-pc144,pm-pc63; vb-pc63,,pm-pc4; vb-pc4,pm-pc4; vb-pc4,,pm-pc4,vb-pc4,pm-pc4,pm-pc5; vb-pc5,pm-pc4; vb-pc4,pm-pc50; vb-pc50,pm-2-pc66; pm-pc66; vb-pc66,,pm-pc66,pm-dh-pc4; pm-pc4; vb-pc4,pm-2-pc4; pm-pc4; vb-pc4,pm-tf44-pc4,pm-finot-pc4; pm-tf11-pc4,,pm-pc4; vb-pc4,pm-pc4; vb-pc4,,pm-gbm3-pc4; pm-mpt-pc4,,pm-pc4; vb-pc4,pm-pc4; vb-pc4,pm-pc4,pc4,,
pm-pc103; vb-pc103,pm-pc7; vb-pc7,,,pm-pc5; vb-pc5,,pm-pc5,,pm-pc5,pm-pc4; vb-pc4,pm-pc5; vb-pc5,pm-pc9; vb-pc9,pm-2-pc9; pm-pc9; vb-pc9,,,pm-dh-pc5,pm-2-pc5; pm-pc5; vb-pc5,,pm-finot-pc5; pm-tf11-pc5,,pm-pc5; vb-pc5,pm-pc5; vb-pc5,,pm-gbm3-pc5; pm-mpt-pc7,,pm-pc5; vb-pc5,pm-pc5; vb-pc5,pm-pc5,pc5,,
pm-pc100; vb-pc100,pm-pc4; vb-pc4,,pm-pc6; vb-pc6,pm-pc6; vb-pc6,,pm-pc6,vb-pc6,pm-pc6,pm-pc6; vb-pc6,pm-pc6; vb-pc6,pm-pc6; vb-pc6,pm-2-pc6; pm-pc6; vb-pc6,,,pm-dh-pc6; pm-pc5; vb-pc5,pm-2-pc6; pm-pc6; vb-pc6,pm-tf3215-pc5; pm-tf44-pc5,pm-finot-pc6; pm-tf11-pc6,,pm-pc6; vb-pc6,pm-pc6; vb-pc6,,pm-gbm3-pc6; pm-mpt-pc8,,pm-pc6; vb-pc6,pm-pc6; vb-pc6,pm-pc6,pc6,,
pm-pc104; vb-pc104,pm-pc8; vb-pc8; vb-pj4~,,pm-pc7; vb-pc7,pm-pc7; vb-pc7,,pm-pc7,vb-pc7,pm-pc7,pm-pc8; vb-pc8,pm-pc8; vb-pc8,pm-pc8; vb-pc8,pm-2-pc8; pm-pc8; vb-pc8,,,pm-dh-pc7; pm-pc6; vb-pc6,pm-2-pc7; pm-pc7; vb-pc7,pm-tf44-pc6,pm-finot-pc7; pm-tf11-pc7,,pm-pc8; vb-pc8,pm-pc7; vb-pc7,,pm-gbm3-pc8; pm-mpt-pc6,,pm-pc8; vb-pc8,pm-pc7; vb-pc7,pm-pc7,pc7,,
pm-pc105; vb-pc105,pm-pc9; vb-pc9,,pm-pc8; vb-pc8,pm-pc8; vb-pc8,,pm-pc8,vb-pc8,pm-pc8,pm-pc9; vb-pc9,pm-pc9; vb-pc9,pm-pc7; vb-pc7,pm-2-pc7; pm-pc7; vb-pc7,,,pm-dh-pc8; pm-pc7; vb-pc7,pm-2-pc8; pm-pc8; vb-pc8,pm-tf44-pc7,pm-finot-pc8; pm-tf11-pc8,,pm-pc7; vb-pc7,pm-pc8; vb-pc8,,pm-gbm3-pc7; pm-mpt-pc5,,pm-pc7; vb-pc7,pm-pc8; vb-pc8,pm-pc8,pc8,,
pm-pc159; vb-pc159,pm-pc81; vb-pc81,,pm-pc9; vb-pc9,pm-pc9; vb-pc9,,pm-pc9,vb-pc9,pm-pc9,pm-pc62; vb-pc62,pm-pc80; vb-pc80,pm-pc58; vb-pc58,pm-2-pc74; pm-pc74; vb-pc74,,,pm-dh-pc9; pm-pc8; vb-pc8,pm-2-pc9; pm-pc9; vb-pc9,,pm-finot-pc9; pm-tf11-pc9,,pm-pc9; vb-pc9,pm-pc9; vb-pc9,,pm-gbm3-pc9; pm-mpt-pc9,,pm-pc9; vb-pc9,pm-pc9; vb-pc9,pm-pc9,pc9,,
pm-pc150; vb-pc150,pm-pc72; vb-pc72,,pm-pc10; vb-pc10,pm-pc10; vb-pc10,,pm-pc10,vb-pc10,pm-pc10,pm-pc10; vb-pc10,pm-pc10; vb-pc10,pm-pc56; vb-pc56,pm-2-pc72; pm-pc72; vb-pc72,,,pm-dh-pc10; pm-pc9; vb-pc9,pm-2-pc10; pm-pc10; vb-pc10,,pm-finot-pc10; pm-tf11-pc10,,pm-pc10; vb-pc10,pm-pc10; vb-pc10,,pm-gbm3-pc10; pm-mpt-pc10,,pm-pc10; vb-pc10,pm-pc10; vb-pc10,pm-pc10,pc11,,
pm-pc107; vb-pc107,pm-pc11; vb-pc11,,pm-pc11; vb-pc11,pm-pc11; vb-pc11,,pm-pc11,vb-pc11,pm-pc11,pm-pc11; vb-pc11,pm-pc11; vb-pc11,pm-pc11; vb-pc11,pm-2-pc11; pm-pc11; vb-pc11,,,pm-dh-pc11; pm-pc10; vb-pc10,pm-2-pc11; pm-pc11; vb-pc11,,pm-finot-pc11; pm-tf11-pc11,,pm-pc11; vb-pc11,pm-pc11; vb-pc11,,pm-gbm3-pc11; pm-mpt-pc11,,pm-pc11; vb-pc11,pm-pc11; vb-pc11,pm-pc11,pc12,,
pm-pc108; vb-pc108,pm-pc12; vb-pc12,,pm-pc12; vb-pc12,pm-pc13; vb-pc13,,pm-pc12,vb-pc12,pm-pc12,pm-pc12; vb-pc12,pm-pc12; vb-pc12,pm-pc12; vb-pc12,pm-2-pc12; pm-pc12; vb-pc12,,,pm-dh-pc13; pm-pc12; vb-pc12,pm-2-pc13; pm-pc13; vb-pc13,,pm-finot-pc13; pm-tf11-pc13,,pm-pc13; vb-pc13,pm-pc13; vb-pc13,,pm-gbm3-pc13; pm-mpt-pc13,,pm-pc13; vb-pc13,pm-pc13; vb-pc13,pm-pc12,pc14,,
pm-pc109; vb-pc109,pm-pc13; vb-pc13,,pm-pc13; vb-pc13,pm-pc12; vb-pc12,,pm-pc13,vb-pc13,pm-pc13,pm-pc13; vb-pc13,pm-pc13; vb-pc13,pm-pc13; vb-pc13,pm-2-pc13; pm-pc13; vb-pc13,,,pm-dh-pc12; pm-pc11; vb-pc11,pm-2-pc12; pm-pc12; vb-pc12,,pm-finot-pc12; pm-tf11-pc12,,pm-pc12; vb-pc12,pm-pc12; vb-pc12,,pm-gbm3-pc12; pm-mpt-pc12,,pm-pc12; vb-pc12,pm-pc12; vb-pc12,pm-pc13,pc13,,
pm-pc110; vb-pc110,pm-pc14; vb-pc14,,pm-pc14; vb-pc14,pm-pc14; vb-pc14,,pm-pc14,vb-pc14,pm-pc14,pm-pc14; vb-pc14,pm-pc14; vb-pc14,pm-pc14; vb-pc14,pm-2-pc14; pm-pc14; vb-pc14,,,pm-dh-pc14; pm-pc13; vb-pc13,pm-2-pc14; pm-pc14; vb-pc14,,pm-finot-pc14; pm-tf11-pc14,,pm-pc14; vb-pc14,pm-pc14; vb-pc14,,pm-gbm3-pc14; pm-mpt-pc14,,pm-pc14; vb-pc14,pm-pc14; vb-pc14,pm-pc14,pc15,,
pm-pc111; vb-pc111,pm-pc15; vb-pc15,,pm-pc15; vb-pc15,pm-pc15; vb-pc15,,pm-pc15,vb-pc15,pm-pc15,pm-pc15; vb-pc15,pm-pc15; vb-pc15,pm-pc15; vb-pc15,pm-2-pc15; pm-pc15; vb-pc15,,,pm-pc14; vb-pc14,pm-2-pc15; pm-pc15; vb-pc15,,pm-finot-pc15; pm-tf11-pc15,,pm-pc15; vb-pc15,pm-pc15; vb-pc15,,pm-gbm3-pc15; pm-mpt-pc15,,pm-pc15; vb-pc15,pm-pc15; vb-pc15,pm-pc15,pc16,,
pm-pc113; vb-pc113,pm-pc17; vb-pc17,,pm-pc16; vb-pc16,pm-pc17; vb-pc17,,pm-pc16,vb-pc16,pm-pc16,pm-pc16; vb-pc16,pm-pc16; vb-pc16,pm-pc17; vb-pc17,pm-2-pc17; pm-pc17; vb-pc17,,,pm-dh-pc15; pm-pc15; vb-pc15,pm-2-pc16; pm-pc16; vb-pc16,,pm-finot-pc16; pm-tf11-pc16,,,pm-pc16; vb-pc16,,pm-gbm3-pc16; pm-mpt-pc16,,,pm-pc16; vb-pc16,pm-pc16,pc17,,
pm-pc112; vb-pc112,pm-pc16; vb-pc16,,pm-pc17; vb-pc17,pm-pc16; vb-pc16,,pm-pc17,vb-pc17,pm-pc17,pm-pc17; vb-pc17,pm-pc17; vb-pc17,pm-pc16; vb-pc16,pm-2-pc16; pm-pc16; vb-pc16,,,pm-dh-pc16; pm-pc16; vb-pc16,pm-2-pc17; pm-pc17; vb-pc17,,pm-finot-pc17; pm-tf11-pc17,,pm-pc16; vb-pc16,pm-pc17; vb-pc17,,pm-gbm3-pc17; pm-mpt-pc17,,pm-pc16; vb-pc16,pm-pc17; vb-pc17,pm-pc17,pc18,,
pm-pc114; vb-pc114,pm-pc18; vb-pc18,,pm-pc18; vb-pc18,pm-pc18; vb-pc18,,pm-pc18,vb-pc18,pm-pc18,pm-pc18; vb-pc18,pm-pc18; vb-pc18,pm-pc18; vb-pc18,pm-2-pc18; pm-pc18; vb-pc18,,,pm-dh-pc17; pm-pc17; vb-pc17,pm-2-pc18; pm-pc18; vb-pc18,,pm-finot-pc18; pm-tf11-pc18,,pm-pc17; vb-pc17,pm-pc18; vb-pc18,,pm-gbm3-pc18; pm-mpt-pc18,,pm-pc17; vb-pc17,pm-pc18; vb-pc18,pm-pc18,pc19,,
pm-pc116; vb-pc116,pm-pc20; vb-pc20,,pm-pc19; vb-pc19,pm-pc19; vb-pc19,,pm-pc19,vb-pc19,pm-pc19,pm-pc19; vb-pc19,pm-pc20; vb-pc20,pm-pc19; vb-pc19,pm-2-pc19; pm-pc19; vb-pc19,,,pm-dh-pc18; pm-pc18; vb-pc18,pm-2-pc20; pm-pc19; vb-pc19,,pm-finot-pc19; pm-tf11-pc19,,pm-pc18; vb-pc18,pm-pc19; vb-pc19,,pm-gbm3-pc19; pm-mpt-pc19,,pm-pc18; vb-pc18,pm-pc19; vb-pc19,pm-pc19,pc20,,
pm-pc115; vb-pc115,pm-pc19; vb-pc19,,,pm-pc20; vb-pc20,,pm-pc20,,pm-pc20,,pm-pc19; vb-pc19,pm-pc20; vb-pc20,pm-2-pc20; pm-pc20; vb-pc20,,,,pm-2-pc19; pm-pc20; vb-pc20,,pm-finot-pc20; pm-tf11-pc20,,pm-pc19; vb-pc19,pm-pc20; vb-pc20,,pm-gbm3-pc20; pm-mpt-pc20,,pm-pc19; vb-pc19,pm-pc20; vb-pc20,pm-pc20,pc21,,
,pm-pc21; vb-pc21,,,pm-pc21; vb-pc21,,pm-pc21,,pm-pc21,,pm-pc21; vb-pc21,,pm-2-pc21; pm-pc21; vb-pc21,,,,pm-2-pc21; pm-pc21; vb-pc21,,pm-finot-pc21; pm-tf11-pc21,,,pm-pc21; vb-pc21,,pm-gbm3-pc21; pm-mpt-pc21,,,pm-pc21; vb-pc21,pm-pc21,pc22,,
,pm-pc22; vb-pc22,,,pm-pc22; vb-pc22,,pm-pc22,,pm-pc22,,pm-pc22; vb-pc22,,pm-2-pc22; pm-pc22; vb-pc22,,,,pm-2-pc22; pm-pc22; vb-pc22,,pm-finot-pc22; pm-tf11-pc22,,,pm-pc22; vb-pc22,,pm-gbm3-pc22; pm-mpt-pc22,,,pm-pc22; vb-pc22,pm-pc22,pc23,,
,pm-pc23; vb-pc23,,,pm-pc23; vb-pc23,,pm-pc23,,pm-pc23,,pm-pc23; vb-pc23,,,,,,,,,,,,,,,,,pm-pc23,pc24,,
,pm-pc24; vb-pc24,,,pm-pc24; vb-pc24,,pm-pc24,,pm-pc24,,pm-pc24; vb-pc24,,pm-2-pc23; pm-pc23; vb-pc23,,,,pm-2-pc23; pm-pc23; vb-pc23,,pm-finot-pc23; pm-tf11-pc23,,,pm-pc23; vb-pc23,,pm-gbm3-pc23; pm-mpt-pc23,,,pm-pc23; vb-pc23,pm-pc24,pc25,,
,pm-pc30; vb-pc30,,pm-pc120; vb-pc120,pm-pc25; vb-pc25,,pm-pc25,vb-pc120,pm-pc25,pm-pc75; vb-pc75,pm-pc25; vb-pc25,,pm-2-pc26; pm-pc26; vb-pc26,,,pm-dh-pc79; pm-pc80; vb-pc80,pm-2-pc26; pm-pc28; vb-pc28,,pm-finot-pc28; pm-tf11-pc28,,pm-pc82; vb-pc82,pm-pc28; vb-pc29,,pm-mpt-pc28,,pm-pc99; vb-pc99,pm-pc28; vb-pc28,,pc30,,
,pm-pc27; vb-pc27,,,pm-pc26; vb-pc26,,pm-pc26,,pm-pc26,,pm-pc28; vb-pc28,,pm-2-pc30; pm-pc30; vb-pc30,,,,pm-2-pc70; pm-pc70; vb-pc70,,pm-finot-pc24; pm-tf11-pc24,,,pm-pc70; vb-pc26,,pm-gbm3-pc26; pm-mpt-pc26,,,pm-pc26; vb-pc26,pm-pc27,pc26,,
,pm-pc28; vb-pc28,,,pm-pc27; vb-pc27,,pm-pc27,,pm-pc27,,pm-pc29; vb-pc29,,pm-2-pc28; pm-pc28; vb-pc28,,,,pm-2-pc25; pm-pc25; vb-pc25,,pm-finot-pc25; pm-tf11-pc25,,,pm-pc25; vb-pc27,,pm-gbm3-pc27; pm-mpt-pc27,,,pm-pc27; vb-pc27,pm-pc28,pc27,,
,pm-pc25; vb-pc25,,,pm-pc28; vb-pc28,,pm-pc28,,pm-pc28,,pm-pc26; vb-pc26,,pm-2-pc24; pm-pc24; vb-pc24,,,,pm-2-pc27; pm-pc26; vb-pc26,,pm-finot-pc26; pm-tf11-pc27,,,pm-pc26; vb-pc24,,pm-gbm3-pc24; pm-mpt-pc24,,,pm-pc24; vb-pc24,pm-pc25,pc28,,
,pm-pc26; vb-pc26,,,pm-pc29; vb-pc29,,pm-pc29,,pm-pc29,,pm-pc27; vb-pc27,,pm-2-pc25; pm-pc25; vb-pc25,,,,pm-2-pc28; pm-pc27; vb-pc27,,pm-finot-pc27; pm-tf11-pc26,,,pm-pc27; vb-pc25,,pm-gbm3-pc25; pm-mpt-pc25,,,pm-pc25; vb-pc25,pm-pc26,pc29,,
,pm-pc29; vb-pc29,,,pm-pc30; vb-pc30,,pm-pc30,,pm-pc30,,pm-pc30; vb-pc30,,pm-2-pc29; pm-pc29; vb-pc29,,,,pm-2-pc30; pm-pc30; vb-pc30,,pm-finot-pc30; pm-tf11-pc30,,,pm-pc30; vb-pc30,,pm-gbm3-pc30; pm-mpt-pc30,,,pm-pc30; vb-pc30,pm-pc30,pc32,,
pm-pc117; vb-pc117,pm-pc31; vb-pc31,,pm-pc21; vb-pc21,pm-pc31; vb-pc31,,pm-pc31,vb-pc21,pm-pc31,pm-pc22; vb-pc22,pm-pc33; vb-pc33,pm-pc21; vb-pc21,pm-2-pc31; pm-pc31; vb-pc31,,,pm-dh-pc20; pm-pc20; vb-pc20,pm-2-pc32; pm-pc32; vb-pc32,,pm-finot-pc32; pm-tf11-pc32,,pm-pc20; vb-pc20,pm-pc32; vb-pc32,,pm-gbm3-pc32; pm-mpt-pc32,,pm-pc20; vb-pc20,pm-pc32; vb-pc32,pm-pc32,pc34,,
,pm-pc33; vb-pc33,,pm-pc22; vb-pc22,pm-pc32; vb-pc32,,pm-pc32,vb-pc22,pm-pc32,pm-pc20; vb-pc20,pm-pc31; vb-pc31,,pm-2-pc32; pm-pc32; vb-pc32,,,,pm-2-pc31; pm-pc31; vb-pc31,,pm-finot-pc31; pm-tf11-pc31,,,pm-pc31; vb-pc31,,pm-gbm3-pc31; pm-mpt-pc31,,,pm-pc31; vb-pc31,pm-pc31,pc33,,
,pm-pc35; vb-pc35,22#53~; 22#61~,,pm-pc33; vb-pc33,,pm-pc33,,pm-pc33,pm-pc24; vb-pc24,pm-pc35; vb-pc35,,pm-2-pc35; pm-pc35; vb-pc35,,,,pm-2-pc34; pm-pc34; vb-pc34,,pm-finot-pc34; pm-tf11-pc34,,pm-pc22; vb-pc22,pm-pc34; vb-pc34,,pm-gbm2-pc34; pm-gbm3-pc34; pm-mpt-pc34,,pm-pc22; vb-pc22,pm-pc34; vb-pc34,pm-pc34,pc36,qizil-pc34,
,pm-pc36; vb-pc36,,pm-pc24; vb-pc24,pm-pc34; vb-pc34,,pm-pc34,vb-pc24,pm-pc34,pm-pc25; vb-pc25,pm-pc36; vb-pc36,,pm-2-pc36; pm-pc36; vb-pc36,,,,pm-2-pc35; pm-pc35; vb-pc35,,pm-finot-pc35; pm-tf11-pc35,,pm-pc23; vb-pc23,pm-pc35; vb-pc35,,pm-gbm2-pc35; pm-gbm3-pc35; pm-mpt-pc35,,pm-pc23; vb-pc23,pm-pc35; vb-pc35,pm-pc35,pc37,qizil-pc35,
pm-pc122; vb-pc122,pm-pc40; vb-pc40,,pm-pc25; vb-pc25,pm-pc35; vb-pc35,,pm-pc35,vb-pc25,pm-pc35,pm-pc26; vb-pc26,pm-pc37; vb-pc37,pm-pc26; vb-pc26,pm-2-pc39; pm-pc39; vb-pc39,,,pm-dh-pc25; pm-pc25; vb-pc25,pm-2-pc39; pm-pc39; vb-pc39,,pm-finot-pc39; pm-tf11-pc39,,pm-pc27; vb-pc27,pm-pc39; vb-pc39,,pm-gbm2-pc39; pm-gbm3-pc39; pm-mpt-pc39,,pm-pc27; vb-pc27,pm-pc39; vb-pc39,pm-pc39,pc41,qizil-pc39,
pm-pc120; vb-pc120,pm-pc37; vb-pc37,22#51~,pm-pc26; vb-pc26,pm-pc36; vb-pc36,,pm-pc36,vb-pc26,pm-pc36,pm-pc27; vb-pc27,pm-pc38; vb-pc38,pm-pc24; vb-pc24,pm-2-pc37; pm-pc37; vb-pc37,,,pm-dh-pc23; pm-pc23; vb-pc23,pm-2-pc37; pm-pc37; vb-pc37,,pm-finot-pc37; pm-tf11-pc37,,pm-pc25; vb-pc25,pm-pc37; vb-pc37,,pm-gbm2-pc37; pm-gbm3-pc37; pm-mpt-pc37,,pm-pc25; vb-pc25,pm-pc37; vb-pc37,pm-pc37,pc39,qizil-pc37,
pm-pc121; vb-pc121,pm-pc38; vb-pc38,22#49~,pm-pc27; vb-pc27,pm-pc37; vb-pc37,,pm-pc37,vb-pc27,pm-pc37,pm-pc28; vb-pc28,pm-pc39; vb-pc39,pm-pc25; vb-pc25,pm-2-pc38; pm-pc38; vb-pc38,,,pm-dh-pc24; pm-pc24; vb-pc24,pm-2-pc38; pm-pc38; vb-pc38,,pm-finot-pc38; pm-tf11-pc38,,pm-pc26; vb-pc26,pm-pc38; vb-pc38,,pm-gbm2-pc38; pm-gbm3-pc38; pm-mpt-pc38,,pm-pc26; vb-pc26,pm-pc38; vb-pc38,pm-pc38,pc40,qizil-pc38,
pm-pc119; vb-pc119,pm-pc34; vb-pc34,,pm-pc28; vb-pc28,pm-pc38; vb-pc38,,pm-pc38,vb-pc28,pm-pc38,pm-pc23; vb-pc23,pm-pc34; vb-pc34,pm-pc23; vb-pc23,pm-2-pc34; pm-pc34; vb-pc34,,,pm-dh-pc21; pm-pc21; vb-pc21,pm-2-pc33; pm-pc33; vb-pc33,,pm-finot-pc33; pm-tf11-pc33,,pm-pc21; vb-pc21,pm-pc33; vb-pc33,,pm-gbm2-pc33; pm-gbm3-pc33; pm-mpt-pc33,,pm-pc21; vb-pc21,pm-pc33; vb-pc33,pm-pc33,pc35,,
,pm-pc39; vb-pc39,,,pm-pc39; vb-pc39,,pm-pc39,,pm-pc39,,pm-pc41; vb-pc41,,pm-2-pc40; pm-pc40; vb-pc40,,,,pm-2-pc40; pm-pc40; vb-pc40,,pm-finot-pc40; pm-tf11-pc40,,,pm-pc40; vb-pc40,,pm-gbm2-pc40; pm-gbm3-pc40; pm-mpt-pc40,,,pm-pc40; vb-pc40,pm-pc40,pc42,qizil-pc40,
pm-pc118; vb-pc118,pm-pc32; vb-pc32,,pm-pc30; vb-pc30,pm-pc40; vb-pc40,,pm-pc40,vb-pc30,pm-pc40,pm-pc21; vb-pc21,pm-pc32; vb-pc32,pm-pc22; vb-pc22,pm-2-pc33; pm-pc33; vb-pc33,,,pm-dh-pc22; pm-pc22; vb-pc22,pm-2-pc36; pm-pc36; vb-pc36,,pm-finot-pc36; pm-tf11-pc36,,pm-pc24; vb-pc24,pm-pc36; vb-pc36,,pm-gbm2-pc36; pm-gbm3-pc36; pm-mpt-pc36,,pm-pc24; vb-pc24,pm-pc36; vb-pc36,pm-pc36,pc38,qizil-pc36,
pm-pc137; vb-pc137,pm-pc56; vb-pc56,,pm-pc31; vb-pc31,pm-pc41; vb-pc41,,pm-pc41,vb-pc31,pm-pc41,pm-pc51; vb-pc51,pm-pc68; vb-pc68,pm-pc42; vb-pc42,pm-2-pc57; pm-pc57; vb-pc57,,,pm-dh-pc36; pm-pc37; vb-pc37,pm-2-pc54; pm-pc52; vb-pc52,,pm-finot-pc52; pm-tf11-pc52,,pm-pc37; vb-pc37,pm-pc52; vb-pc52,,pm-gbm2-pc52; pm-gbm3-pc52; pm-mpt-pc52,,pm-pc37; vb-pc37,pm-pc52; vb-pc52,pm-pc53,pc54,,
pm-pc101; vb-pc101,pm-pc5; vb-pc5,,pm-pc32; vb-pc32,pm-pc42; vb-pc42,,pm-pc42,vb-pc32,pm-pc42,pm-pc7; vb-pc7,pm-pc7; vb-pc7,pm-pc5; vb-pc5,pm-2-pc5; pm-pc5; vb-pc5,,,pm-dh-pc38; pm-pc39; vb-pc39,pm-2-pc53; pm-pc54; vb-pc54,,pm-finot-pc53; pm-tf11-pc53,,pm-pc39; vb-pc39,pm-pc54; vb-pc54,,pm-gbm2-pc54; pm-gbm3-pc54; pm-mpt-pc54,,pm-pc39; vb-pc39,pm-pc54; vb-pc54,pm-pc54,pc56,,
pm-pc157; vb-pc157,pm-pc79; vb-pc79,,pm-pc33; vb-pc33,pm-pc43; vb-pc43,,pm-pc43,vb-pc33,pm-pc43,pm-pc61; vb-pc61,pm-pc79; vb-pc79,pm-pc60; vb-pc60,pm-2-pc76; pm-pc76; vb-pc76,,,pm-dh-pc37; pm-pc38; vb-pc38,pm-2-pc52; pm-pc53; vb-pc53,,pm-finot-pc54; pm-tf11-pc54,,pm-pc38; vb-pc38,pm-pc53; vb-pc53,,pm-gbm2-pc53; pm-gbm3-pc53; pm-mpt-pc53,,pm-pc38; vb-pc38,pm-pc53; vb-pc53,pm-pc51,pc55,,
pm-pc123; vb-pc123,pm-pc42; vb-pc42,,pm-pc34; vb-pc34,pm-pc44; vb-pc44,,pm-pc44,vb-pc34,pm-pc44,pm-pc58; vb-pc58,pm-pc76; vb-pc76,pm-pc31; vb-pc31,pm-2-pc46; pm-pc46; vb-pc46,,,pm-dh-pc35; pm-pc36; vb-pc36,pm-2-pc51; pm-pc51; vb-pc51,,pm-finot-pc51; pm-tf11-pc51,,pm-pc36; vb-pc36,pm-pc51; vb-pc51,,pm-gbm2-pc51; pm-gbm3-pc51; pm-mpt-pc51,,pm-pc36; vb-pc36,pm-pc51; vb-pc51,pm-pc52,pc53,,
pm-pc146; vb-pc146,pm-pc68; vb-pc68,,pm-pc35; vb-pc35,pm-pc45; vb-pc45,,pm-pc45,vb-pc35,pm-pc45,pm-pc33; vb-pc33,pm-pc48; vb-pc48,pm-pc52; vb-pc52,pm-2-pc68; pm-pc68; vb-pc68,,pm-pc68,pm-dh-pc39; pm-pc40; vb-pc40,pm-2-pc55; pm-pc55; vb-pc55,,pm-finot-pc55; pm-tf11-pc55,,pm-pc40; vb-pc40,pm-pc55; vb-pc55,,pm-gbm2-pc55; pm-gbm3-pc55; pm-mpt-pc55,,pm-pc40; vb-pc40,pm-pc55; vb-pc55,pm-pc55,pc57,,
pm-pc147; vb-pc147,pm-pc69; vb-pc69,,pm-pc36; vb-pc36,pm-pc46; vb-pc46,,pm-pc46,vb-pc36,pm-pc46,pm-pc34; vb-pc34,pm-pc49; vb-pc49,pm-pc53; vb-pc53,pm-2-pc69; pm-pc69; vb-pc69,,pm-pc69,pm-dh-pc40; pm-pc41; vb-pc41,pm-2-pc56; pm-pc56; vb-pc56,,pm-finot-pc56; pm-tf11-pc56,,pm-pc41; vb-pc41,pm-pc56; vb-pc56,,pm-gbm2-pc56; pm-gbm3-pc56; pm-mpt-pc56,,pm-pc41; vb-pc41,pm-pc56; vb-pc56,pm-pc56,pc58,,
pm-pc148; vb-pc148,pm-pc70; vb-pc70,,pm-pc37; vb-pc37,pm-pc47; vb-pc47,,pm-pc47,vb-pc37,pm-pc47,pm-pc35; vb-pc35,pm-pc50; vb-pc50,pm-pc54; vb-pc54,pm-2-pc70; pm-pc70; vb-pc70,,pm-pc70,pm-dh-pc41; pm-pc42; vb-pc42,pm-2-pc57; pm-pc57; vb-pc57,,pm-finot-pc57; pm-tf11-pc57,,pm-pc42; vb-pc42,pm-pc57; vb-pc57,,pm-gbm2-pc57; pm-gbm3-pc57; pm-mpt-pc57,,pm-pc42; vb-pc42,pm-pc57; vb-pc57,pm-pc57,pc59,qizil-pc57,
pm-pc139; vb-pc139,pm-pc58; vb-pc58,,pm-pc38; vb-pc38,pm-pc48; vb-pc48,,pm-pc48,vb-pc38,pm-pc48,pm-pc59; vb-pc59,pm-pc77; vb-pc77,pm-pc45; vb-pc45,pm-2-pc60; pm-pc60; vb-pc60,,,pm-dh-pc43; pm-pc44; vb-pc44,pm-2-pc59; pm-pc59; vb-pc59,,pm-finot-pc59; pm-tf11-pc59,,pm-pc43; vb-pc43,pm-pc59; vb-pc58,,pm-gbm2-pc58; pm-gbm3-pc58; pm-mpt-pc58,,pm-pc43; vb-pc43,pm-pc58; vb-pc58,pm-pc68,pc61,,
pm-pc161; vb-pc161,pm-pc84; vb-pc84,,pm-pc39; vb-pc39,pm-pc49; vb-pc49,,pm-pc49,vb-pc39,pm-pc49,pm-pc52; vb-pc52,pm-pc69; vb-pc69,pm-pc66; vb-pc66,pm-2-pc82; pm-pc82; vb-pc82,,,pm-dh-pc42; pm-pc43; vb-pc43,pm-2-pc58; pm-pc58; vb-pc58,,pm-finot-pc58; pm-tf11-pc58,,pm-pc44; vb-pc44,pm-pc58; vb-pc59,,pm-gbm2-pc59; pm-gbm3-pc59; pm-mpt-pc59,,pm-pc44; vb-pc44,pm-pc59; vb-pc59,pm-pc69,pc60,qizil-pc58,
pm-pc138; vb-pc138,pm-pc57; vb-pc57,,,pm-pc50; vb-pc50,,pm-pc50,,pm-pc50,pm-pc53; vb-pc53,pm-pc70; vb-pc70,pm-pc41; vb-pc41,pm-2-pc56; pm-pc56; vb-pc56,,,pm-dh-pc44; pm-pc45; vb-pc45,pm-2-pc60; pm-pc60; vb-pc60,,pm-finot-pc60; pm-tf11-pc60,,pm-pc45; vb-pc45,pm-pc60; vb-pc60,,pm-gbm3-pc60; pm-mpt-pc60,,pm-pc45; vb-pc45,pm-pc60; vb-pc60,pm-pc60,pc62,,
pm-pc143; vb-pc143,pm-pc62; vb-pc62,,pm-pc41; vb-pc41,pm-pc51; vb-pc51,,pm-pc51,vb-pc41,pm-pc51,,,pm-pc47; vb-pc47,pm-2-pc62; pm-pc62; vb-pc62,,,pm-dh-pc26; pm-pc26; vb-pc26,pm-2-pc41; pm-pc41; vb-pc41,,pm-finot-pc41; pm-tf11-pc41,,pm-pc28; vb-pc28,pm-pc41; vb-pc41,,pm-gbm2-pc41; pm-gbm3-pc41; pm-mpt-pc41,,pm-pc28; vb-pc28,pm-pc41; vb-pc41,pm-pc41,pc43,,
,pm-pc41; vb-pc41,,pm-pc42; vb-pc42,pm-pc52; vb-pc52,,pm-pc52,vb-pc42,pm-pc52,,pm-pc40; vb-pc40,,pm-2-pc41; pm-pc41; vb-pc41,,,pm-pc29; vb-pc29,pm-2-pc44; pm-pc44; vb-pc44,,pm-finot-pc44; pm-tf11-pc44,,pm-pc29; vb-pc29,pm-pc44; vb-pc44,,pm-gbm2-pc44; pm-gbm3-pc44; pm-mpt-pc44,,pm-pc29; vb-pc29,pm-pc44; vb-pc44,pm-pc44,pc46,,
pm-pc124; vb-pc124,pm-pc43; vb-pc43,,pm-pc43; vb-pc43,pm-pc53; vb-pc53,,pm-pc53,vb-pc43,pm-pc53,,,pm-pc28; vb-pc28,pm-2-pc43; pm-pc43; vb-pc43,,,pm-dh-pc27; pm-pc27; vb-pc27,pm-2-pc42; pm-pc42; vb-pc42,,pm-finot-pc42; pm-tf11-pc42,,,pm-pc42; vb-pc42,,pm-gbm2-pc42; pm-gbm3-pc42; pm-mpt-pc42,,,pm-pc42; vb-pc42,pm-pc43,pc44,,
pm-pc125; vb-pc125,pm-pc44; vb-pc44,,pm-pc44; vb-pc44,pm-pc54; vb-pc54,,pm-pc54,vb-pc44,pm-pc54,pm-pc29; vb-pc29,pm-pc42; vb-pc42,pm-pc29; vb-pc29,pm-2-pc44; pm-pc44; vb-pc44,,,pm-dh-pc28; pm-pc28; vb-pc28,pm-2-pc43; pm-pc43; vb-pc43,,pm-finot-pc43; pm-tf11-pc43,,,pm-pc43,,pm-gbm2-pc43,,,,pm-pc29,pc45,,
pm-pc129; vb-pc129,pm-pc48; vb-pc48,,pm-pc45; vb-pc45,pm-pc55; vb-pc55,,pm-pc55,vb-pc45,pm-pc55,pm-pc30; vb-pc30,pm-pc45; vb-pc45,pm-pc33; vb-pc33,pm-2-pc48; pm-pc48; vb-pc48,,,pm-dh-pc29; pm-pc30; vb-pc30,pm-2-pc45; pm-pc45; vb-pc45,,pm-finot-pc45; pm-tf11-pc45,,pm-pc30; vb-pc30,pm-pc45; vb-pc45,,pm-gbm2-pc45; pm-gbm3-pc45; pm-mpt-pc45,,pm-pc30; vb-pc30,pm-pc45; vb-pc45,pm-pc45,pc47,,
pm-pc130; vb-pc130,pm-pc49; vb-pc49,,pm-pc46; vb-pc46,pm-pc56; vb-pc56,,pm-pc56,vb-pc46,pm-pc56,pm-pc31; vb-pc31,pm-pc46; vb-pc46,pm-pc34; vb-pc34,pm-2-pc49; pm-pc49; vb-pc49,,,pm-dh-pc30; pm-pc31; vb-pc31,pm-2-pc46; pm-pc46; vb-pc46,,pm-finot-pc46; pm-tf11-pc46,,pm-pc31; vb-pc31,pm-pc46; vb-pc46,,pm-gbm2-pc46; pm-gbm3-pc46; pm-mpt-pc46,,pm-pc31; vb-pc31,pm-pc46; vb-pc46,pm-pc46,pc48,,
pm-pc131; vb-pc131,pm-pc50; vb-pc50,,pm-pc47; vb-pc47,pm-pc57; vb-pc57,,pm-pc57,vb-pc47,pm-pc57,pm-pc32; vb-pc32,pm-pc47; vb-pc47,pm-pc35; vb-pc35,pm-2-pc50; pm-pc50; vb-pc50,,,pm-dh-pc31; pm-pc32; vb-pc32,pm-2-pc47; pm-pc47; vb-pc47,,pm-finot-pc47; pm-tf11-pc47,,pm-pc32; vb-pc32,pm-pc47; vb-pc47,,pm-gbm2-pc47; pm-gbm3-pc47; pm-mpt-pc47,,pm-pc32; vb-pc32,pm-pc47; vb-pc47,pm-pc47,pc49,,
pm-pc152; vb-pc152,pm-pc74; vb-pc74,,pm-pc48; vb-pc48,pm-pc58; vb-pc58,,pm-pc58,vb-pc48,pm-pc58,pm-pc54; vb-pc54,pm-pc71; vb-pc71,pm-pc62; vb-pc62,pm-2-pc78; pm-pc78; vb-pc78,,,pm-dh-pc32; pm-pc33; vb-pc33,pm-2-pc49; pm-pc48; vb-pc48,,pm-finot-pc48; pm-tf11-pc48,,pm-pc33; vb-pc33,pm-pc48; vb-pc48,,pm-gbm2-pc48; pm-gbm3-pc48; pm-mpt-pc48,,pm-pc33; vb-pc33,pm-pc48; vb-pc48,pm-pc48,pc50,,
pm-pc153; vb-pc153,pm-pc75; vb-pc75,,pm-pc49; vb-pc49,pm-pc59; vb-pc59,,pm-pc59,vb-pc49,pm-pc59,pm-pc55; vb-pc55,pm-pc72; vb-pc72,pm-pc63; vb-pc63,pm-2-pc79; pm-pc79; vb-pc79,,,pm-dh-pc33; pm-pc34; vb-pc34,pm-2-pc48; pm-pc49; vb-pc49,,pm-finot-pc49; pm-tf11-pc49,,pm-pc34; vb-pc34,pm-pc49; vb-pc49,,pm-gbm2-pc49; pm-gbm3-pc49; pm-mpt-pc49,,pm-pc34; vb-pc34,pm-pc49; vb-pc49,pm-pc49,pc51,,
,pm-pc64; vb-pc64,,,pm-pc60; vb-pc60,,pm-pc60,,pm-pc60,,pm-pc74; vb-pc74,pm-pc49; vb-pc49,pm-2-pc64; pm-pc64; vb-pc64,,,pm-dh-pc34; pm-pc35; vb-pc35,pm-2-pc50; pm-pc50; vb-pc50,,pm-finot-pc50; pm-tf11-pc50,,pm-pc35; vb-pc35,pm-pc50; vb-pc50,,pm-gbm2-pc50; pm-gbm3-pc50; pm-mpt-pc50,,pm-pc35; vb-pc35,pm-pc50; vb-pc50,pm-pc50,pc52,,
pm-pc142; vb-pc142,pm-pc61; vb-pc61,,pm-pc5; vb-pc5,pm-pc61; vb-pc61,,pm-pc61,vb-pc5,pm-pc61,pm-pc36; vb-pc36,pm-pc51; vb-pc51,pm-pc46; vb-pc46,pm-2-pc61; pm-pc61; vb-pc61,,,pm-dh-pc45; pm-pc46; vb-pc46,pm-2-pc61; pm-pc61; vb-pc61,,pm-finot-pc61; pm-tf11-pc61,,pm-pc46; vb-pc46,pm-pc61; vb-pc61,,pm-gbm3-pc61; pm-mpt-pc61,,pm-pc46; vb-pc46,pm-pc61; vb-pc61,pm-pc61,pc63,,
pm-pc155; vb-pc155,pm-pc77; vb-pc77,,pm-pc20; vb-pc20,pm-pc62; vb-pc62,,pm-pc62,vb-pc20,pm-pc62,pm-pc37; vb-pc37,pm-pc52; vb-pc52,pm-pc48; vb-pc48,pm-2-pc63; pm-pc63; vb-pc63,,,pm-dh-pc46; pm-pc47; vb-pc47,pm-2-pc62; pm-pc62; vb-pc62,,pm-finot-pc62; pm-tf11-pc62,,pm-pc47; vb-pc47,pm-pc62; vb-pc62,,pm-gbm2-pc62; pm-gbm3-pc62; pm-mpt-pc62,,pm-pc47; vb-pc47,pm-pc62; vb-pc62,pm-pc62,pc64,,
pm-pc140; vb-pc140,pm-pc59; vb-pc59,,pm-pc23; vb-pc23,pm-pc63; vb-pc63,,pm-pc63,vb-pc23,pm-pc63,pm-pc63; vb-pc63,pm-pc81; vb-pc81,pm-pc44; vb-pc44,pm-2-pc59; pm-pc59; vb-pc59,,,pm-dh-pc52; pm-pc53; vb-pc53,pm-2-pc68; pm-pc68; vb-pc68,,pm-finot-pc68; pm-tf11-pc68,,,pm-pc68; vb-pc68,,pm-gbm2-pc68; pm-gbm3-pc68; pm-mpt-pc68,,,pm-pc68; vb-pc68,pm-pc59,pc70,qizil-pc68,
pm-pc141; vb-pc141,pm-pc60; vb-pc60,,pm-pc29; vb-pc29,pm-pc64; vb-pc64,,pm-pc64,vb-pc29,pm-pc64,pm-pc60; vb-pc60,pm-pc78; vb-pc78,pm-pc43; vb-pc43,pm-2-pc58; pm-pc58; vb-pc58,,,pm-dh-pc51; pm-pc52; vb-pc52,pm-2-pc67; pm-pc67; vb-pc67,,pm-finot-pc67; pm-tf11-pc67,,pm-pc52; vb-pc52,pm-pc67; vb-pc67,,pm-gbm2-pc67; pm-gbm3-pc67; pm-mpt-pc67,,pm-pc52; vb-pc52,pm-pc67; vb-pc67,pm-pc67,pc69,qizil-pc67,
pm-pc136; vb-pc136,pm-pc55; vb-pc55,,pm-pc40; vb-pc40,pm-pc65; vb-pc65,,pm-pc65,vb-pc40,pm-pc65,pm-pc56; vb-pc56,pm-pc73; vb-pc73,pm-pc40; vb-pc40,pm-2-pc55; pm-pc55; vb-pc55,,,pm-dh-pc50; pm-pc51; vb-pc51,pm-2-pc66; pm-pc66; vb-pc66,,pm-finot-pc66; pm-tf11-pc66,,pm-pc54; vb-pc54,pm-pc66; vb-pc66,,pm-gbm2-pc66; pm-gbm3-pc66; pm-mpt-pc66,,pm-pc51; vb-pc51,pm-pc66; vb-pc66,pm-pc66,pc68,qizil-pc66,
pm-pc134; vb-pc134,pm-pc53; vb-pc53,,pm-pc50; vb-pc50,pm-pc66; vb-pc66,,pm-pc66,vb-pc50,pm-pc66,pm-pc40; vb-pc40,pm-pc55; vb-pc55,pm-pc37; vb-pc37,pm-2-pc52; pm-pc52; vb-pc52,,,pm-dh-pc48; pm-pc49; vb-pc49,pm-2-pc64; pm-pc64; vb-pc64,,pm-finot-pc64; pm-tf11-pc64,,pm-pc49; vb-pc49,pm-pc64; vb-pc64,,pm-gbm2-pc64; pm-gbm3-pc64; pm-mpt-pc64,,pm-pc49; vb-pc49,pm-pc64; vb-pc64,pm-pc64,pc66,,
pm-pc133; vb-pc133,pm-pc52; vb-pc52,,pm-pc51; vb-pc51,pm-pc67; vb-pc67,,pm-pc67,vb-pc51,pm-pc67,pm-pc39; vb-pc39,pm-pc54; vb-pc54,pm-pc38; vb-pc38,pm-2-pc53; pm-pc53; vb-pc53,,,pm-dh-pc47; pm-pc48; vb-pc48,pm-2-pc63; pm-pc63; vb-pc63,,pm-finot-pc63; pm-tf11-pc63,,pm-pc48; vb-pc48,pm-pc63; vb-pc63,,pm-gbm2-pc63; pm-gbm3-pc63; pm-mpt-pc63,,pm-pc48; vb-pc48,pm-pc63; vb-pc63,pm-pc63,pc65,,
,pm-pc67; vb-pc67,,,pm-pc68; vb-pc68,,pm-pc68,,pm-pc68,pm-pc50; vb-pc50,pm-pc67; vb-pc67,,pm-2-pc27; pm-pc27; vb-pc27,,,pm-dh-pc54; pm-pc55; vb-pc55,pm-2-pc24; pm-pc24; vb-pc24,,pm-finot-pc70; pm-tf11-pc70,,pm-pc51; vb-pc51,pm-pc24; vb-pc70,,pm-gbm2-pc70; pm-gbm3-pc70; pm-mpt-pc70,,pm-pc54; vb-pc54,pm-pc70; vb-pc70,pm-pc70,pc73,qizil-pc70,
pm-pc102; vb-pc102,pm-pc6; vb-pc6,,,pm-pc69; vb-pc69,,pm-pc69,,pm-pc69,pm-pc41; vb-pc41,pm-pc56; vb-pc56,pm-pc4; vb-pc4,pm-2-pc4; pm-pc4; vb-pc4,,,pm-dh-pc49; pm-pc50; vb-pc50,pm-2-pc65; pm-pc65; vb-pc65,,pm-finot-pc65; pm-tf11-pc65,,pm-pc50; vb-pc50,pm-pc65; vb-pc65,,pm-gbm2-pc65; pm-gbm3-pc65; pm-mpt-pc65,,pm-pc50; vb-pc50,pm-pc65; vb-pc65,pm-pc65,pc67,qizil-pc65,
pm-pc126; vb-pc126,pm-pc45; vb-pc45,,pm-pc121; vb-pc121,pm-pc70; vb-pc70,,pm-pc70,vb-pc121,pm-pc70,,pm-pc44; vb-pc44,pm-pc30; vb-pc30,pm-2-pc45; pm-pc45; vb-pc45,,,,pm-2-pc29; pm-pc29; vb-pc29,,pm-finot-pc29; pm-tf11-pc29,,,pm-pc29,,pm-gbm3-pc28,,,,,pc31,,
,pm-pc65; vb-pc65,,,pm-pc71; vb-pc71,,pm-pc71,,pm-pc71,,pm-pc61; vb-pc61,,pm-2-pc65; pm-pc65; vb-pc65,,pm-pc65,,pm-2-pc72; pm-pc72; vb-pc72,,pm-finot-pc72; pm-tf11-pc72,,,pm-pc72; vb-pc72,,pm-gbm2-pc72; pm-gbm3-pc72; pm-mpt-pc72,,,pm-pc72; vb-pc72,pm-pc72,pc74,qizil-pc72,
pm-pc145; vb-pc145,pm-pc66; vb-pc66,,pm-pc52; vb-pc52,pm-pc72; vb-pc72,,pm-pc72,vb-pc52,pm-pc72,pm-pc49; vb-pc49,pm-pc66; vb-pc66,pm-pc51; vb-pc51,pm-2-pc67; pm-pc67; vb-pc67,,pm-pc67,pm-dh-pc55; pm-pc56; vb-pc56,pm-2-pc71; pm-pc71; vb-pc71,,pm-finot-pc71; pm-tf11-pc71,,pm-pc55; vb-pc55,pm-pc71; vb-pc71,,pm-gbm2-pc71; pm-gbm3-pc71; pm-mpt-pc71,,pm-pc55; vb-pc55,pm-pc71; vb-pc71,pm-pc71,pc72,qizil-pc71,
pm-pc106; vb-pc106,pm-pc10; vb-pc10,,pm-pc53; vb-pc53,pm-pc73; vb-pc73,,pm-pc73,vb-pc53,pm-pc73,pm-pc44; vb-pc44,pm-pc59; vb-pc59,pm-pc10; vb-pc10,pm-2-pc10; pm-pc10; vb-pc10,,,pm-dh-pc56; pm-pc57; vb-pc57,pm-2-pc73; pm-pc73; vb-pc73,,pm-finot-pc73; pm-tf11-pc73,,pm-pc56; vb-pc56,pm-pc73; vb-pc73,,pm-gbm2-pc73; pm-gbm3-pc73; pm-mpt-pc73,,pm-pc56; vb-pc56,pm-pc73; vb-pc73,pm-pc74,pc75,qizil-pc73,
pm-pc128; vb-pc128,pm-pc47; vb-pc47,,pm-pc54; vb-pc54,pm-pc74; vb-pc74,,pm-pc74,vb-pc54,pm-pc74,pm-pc46; vb-pc46,pm-pc62; vb-pc62,pm-pc32; vb-pc32,pm-2-pc47; pm-pc47; vb-pc47,,,pm-dh-pc57; pm-pc58; vb-pc58,pm-2-pc74; pm-pc74; vb-pc74,,pm-finot-pc74; pm-tf11-pc74,,pm-pc57; vb-pc57,pm-pc74; vb-pc74,,pm-gbm2-pc74; pm-gbm3-pc74; pm-mpt-pc74,,pm-pc57; vb-pc57,pm-pc74; vb-pc74,pm-pc73,pc76,qizil-pc74,
pm-pc149; vb-pc149,pm-pc71; vb-pc71,,pm-pc55; vb-pc55,pm-pc75; vb-pc75,,pm-pc75,vb-pc55,pm-pc75,pm-pc47; vb-pc47,pm-pc63; vb-pc63,pm-pc55; vb-pc55,pm-2-pc71; pm-pc71; vb-pc71,,,pm-dh-pc58; pm-pc59; vb-pc59,pm-2-pc75; pm-pc75; vb-pc75,,pm-finot-pc75; pm-tf11-pc75,,pm-pc58; vb-pc58,pm-pc75; vb-pc75,,pm-gbm2-pc75; pm-gbm3-pc75; pm-mpt-pc76,,pm-pc58; vb-pc58,pm-pc75; vb-pc75,pm-pc75,pc77,,
pm-pc132; vb-pc132,pm-pc51; vb-pc51,22#63~,pm-pc56; vb-pc56,pm-pc76; vb-pc76,,pm-pc76,vb-pc56,pm-pc76,pm-pc42; vb-pc42,pm-pc57; vb-pc57,pm-pc36; vb-pc36,pm-2-pc51; pm-pc51; vb-pc51,,,pm-dh-pc62; pm-pc63; vb-pc63,pm-2-pc79; pm-pc79; vb-pc79,,pm-finot-pc79; pm-tf11-pc79,,pm-pc62; vb-pc62,pm-pc79; vb-pc79,,pm-gbm2-pc79; pm-gbm3-pc79; pm-mpt-pc79,,pm-pc62; vb-pc62,pm-pc79; vb-pc79,pm-pc79,pc81,,
pm-pc135; vb-pc135,pm-pc54; vb-pc54,,pm-pc57; vb-pc57,pm-pc77; vb-pc77,,pm-pc77,vb-pc57,pm-pc77,pm-pc43; vb-pc43,pm-pc58; vb-pc58,pm-pc39; vb-pc39,pm-2-pc54; pm-pc54; vb-pc54,,,pm-dh-pc61; pm-pc62; vb-pc62,pm-2-pc78; pm-pc78; vb-pc78,,pm-finot-pc78; pm-tf11-pc78,,pm-pc61; vb-pc61,pm-pc78; vb-pc78,,pm-gbm2-pc78; pm-gbm3-pc78; pm-mpt-pc78,,pm-pc61; vb-pc61,pm-pc78; vb-pc78,pm-pc78,pc80,,
pm-pc156; vb-pc156,pm-pc78; vb-pc78,,pm-pc58; vb-pc58,pm-pc78; vb-pc78,,pm-pc78,vb-pc58,pm-pc78,pm-pc45; vb-pc45,pm-pc60; vb-pc60,pm-pc61; vb-pc61,pm-2-pc77; pm-pc77; vb-pc77,,,pm-dh-pc59; pm-pc60; vb-pc60,pm-2-pc76; pm-pc76; vb-pc76,,pm-finot-pc76; pm-tf11-pc76,,pm-pc59; vb-pc59,pm-pc76; vb-pc76,,pm-gbm2-pc76; pm-gbm3-pc76; pm-mpt-pc75,,pm-pc59; vb-pc59,pm-pc76; vb-pc76,pm-pc76,pc78,,
pm-pc158; vb-pc158,pm-pc80; vb-pc80,,pm-pc59; vb-pc59,pm-pc79; vb-pc79,,pm-pc79,vb-pc59,pm-pc79,pm-pc38; vb-pc38,pm-pc53; vb-pc53,pm-pc59; vb-pc59,pm-2-pc75; pm-pc75; vb-pc75,,,pm-dh-pc60; pm-pc61; vb-pc61,pm-2-pc77; pm-pc77; vb-pc77,,pm-finot-pc77; pm-tf11-pc77,,pm-pc60; vb-pc60,pm-pc77; vb-pc77,,pm-gbm2-pc77; pm-gbm3-pc77; pm-mpt-pc77,,pm-pc60; vb-pc60,pm-pc77; vb-pc77,pm-pc77,pc79,,
,pm-pc85; vb-pc85,,,pm-pc80; vb-pc80,,pm-pc80,,pm-pc80,,pm-pc83; vb-pc83,pm-pc67; vb-pc67,pm-2-pc83; pm-pc83; vb-pc83,,,pm-dh-pc63; pm-pc64; vb-pc64,pm-2-pc80; pm-pc80; vb-pc80,,pm-finot-pc80; pm-tf11-pc80,,pm-pc63; vb-pc63,pm-pc80; vb-pc80,,pm-gbm2-pc80; pm-gbm3-pc80; pm-mpt-pc80,,pm-pc63; vb-pc63,pm-pc80; vb-pc80,pm-pc80,pc82,,
pm-pc127; vb-pc127,pm-pc46; vb-pc46,,pm-pc61; vb-pc61,pm-pc81; vb-pc81,,pm-pc81,vb-pc61,pm-pc81,pm-pc64; vb-pc64,pm-pc82; vb-pc82,pm-pc27; vb-pc27,pm-2-pc42; pm-pc42; vb-pc42,,,pm-dh-pc64; pm-pc65; vb-pc65,pm-2-pc81; pm-pc81; vb-pc81,,pm-finot-pc81; pm-tf11-pc81,,pm-pc64; vb-pc64,pm-pc81; vb-pc81,,pm-gbm2-pc81; pm-gbm3-pc81; pm-mpt-pc81,,pm-pc64; vb-pc64,pm-pc81; vb-pc81,pm-pc81,pc83,,
,pm-pc83; vb-pc83,,pm-pc62; vb-pc62,pm-pc82; vb-pc82,,pm-pc82,vb-pc62,pm-pc82,,pm-pc65; vb-pc65,pm-pc65; vb-pc65,pm-2-pc81; pm-pc81; vb-pc81,,,pm-dh-pc65; pm-pc66; vb-pc66,pm-2-pc82; pm-pc82; vb-pc82,,pm-finot-pc82; pm-tf11-pc82,,pm-pc65; vb-pc65,pm-pc82; vb-pc82,,pm-gbm2-pc82; pm-gbm3-pc82; pm-mpt-pc82,,pm-pc65; vb-pc65,pm-pc82; vb-pc82,pm-pc82,pc84,,
pm-pc162; vb-pc162,pm-pc86; vb-pc86,,pm-pc63; vb-pc63,pm-pc83; vb-pc83,,pm-pc83,vb-pc63,pm-pc83,pm-pc67; vb-pc67,pm-pc86; vb-pc86,,pm-2-pc86; pm-pc86; vb-pc86,,,pm-dh-pc67; pm-pc68; vb-pc68,pm-2-pc84; pm-pc84; vb-pc84,,pm-finot-pc84; pm-tf11-pc84,,pm-pc67; vb-pc67,pm-pc84; vb-pc84,,pm-gbm3-pc84; pm-mpt-pc84,,pm-pc67; vb-pc67,pm-pc84; vb-pc84,pm-pc84,pc86,,
pm-pc163; vb-pc163,pm-pc87; vb-pc87,,pm-pc64; vb-pc64,pm-pc84; vb-pc84,,pm-pc84,vb-pc64,pm-pc84,pm-pc66; vb-pc66,pm-pc85; vb-pc85,pm-pc68; vb-pc68,pm-2-pc84; pm-pc84; vb-pc84,,,pm-dh-pc68; pm-pc69; vb-pc69,pm-2-pc85; pm-pc85; vb-pc85,,pm-finot-pc85; pm-tf11-pc85,,pm-pc68; vb-pc68,pm-pc85; vb-pc85,,pm-gbm3-pc85; pm-mpt-pc85,,pm-pc68; vb-pc68,pm-pc85; vb-pc85,pm-pc85,pc87,,
pm-pc164; vb-pc164,pm-pc88; vb-pc88,,pm-pc65; vb-pc65,pm-pc85; vb-pc85,,pm-pc85,vb-pc65,pm-pc85,pm-pc65; vb-pc65,pm-pc84; vb-pc84,pm-pc69; vb-pc69,pm-2-pc85; pm-pc85; vb-pc85,,,pm-dh-pc69; pm-pc70; vb-pc70,pm-2-pc86; pm-pc86; vb-pc86,,pm-finot-pc86; pm-tf11-pc86,,pm-pc69; vb-pc69,pm-pc86; vb-pc86,,pm-gbm3-pc86; pm-mpt-pc86,,pm-pc69; vb-pc69,pm-pc86; vb-pc86,pm-pc86,pc88,,
,pm-pc89; vb-pc89,22#65~,pm-pc66; vb-pc66,pm-pc86; vb-pc86,,pm-pc86,vb-pc66,pm-pc86,,pm-pc87; vb-pc87,,pm-2-pc87; pm-pc87; vb-pc87,,,,pm-2-pc89; pm-pc89; vb-pc89,,pm-finot-pc89; pm-tf11-pc89,,pm-pc70; vb-pc70,pm-pc89; vb-pc87,,pm-gbm3-pc87; pm-mpt-pc87,,pm-pc70; vb-pc70,pm-pc87; vb-pc87,pm-pc87,pc91,,
pm-pc165; vb-pc165,pm-pc90; vb-pc90,,pm-pc67; vb-pc67,pm-pc87; vb-pc87,,pm-pc87,vb-pc67,pm-pc87,,pm-pc88; vb-pc88,,pm-2-pc88; pm-pc88; vb-pc88,,,,pm-2-pc88; pm-pc88; vb-pc88,,pm-finot-pc88; pm-tf11-pc88,,pm-pc71; vb-pc71,pm-pc88; vb-pc88,,pm-gbm3-pc88; pm-mpt-pc89,,pm-pc71; vb-pc71,pm-pc88; vb-pc88,pm-pc88,pc90,,
,pm-pc91; vb-pc91,,,pm-pc88; vb-pc88,,pm-pc88,,pm-pc88,,pm-pc89; vb-pc89,,pm-2-pc89; pm-pc89; vb-pc89,,,,pm-2-pc87; pm-pc87; vb-pc87,,pm-finot-pc87; pm-tf11-pc87,,,pm-pc87; vb-pc89,,pm-gbm3-pc89; pm-mpt-pc88,,,pm-pc89; vb-pc89,pm-pc89,pc89,qizil-pc87,
pm-pc166; vb-pc166,pm-pc92; vb-pc92,,pm-pc68; vb-pc68,pm-pc89; vb-pc89,,pm-pc89,vb-pc68,pm-pc89,pm-pc68; vb-pc68,pm-pc90; vb-pc90,,pm-2-pc90; pm-pc90; vb-pc90,,,pm-dh-pc70; pm-pc71; vb-pc71,pm-2-pc90; pm-pc90; vb-pc90,,pm-finot-pc90; pm-tf11-pc90,,pm-pc72; vb-pc72,pm-pc90; vb-pc90,,pm-gbm3-pc90; pm-mpt-pc90,,pm-pc72; vb-pc72,pm-pc90; vb-pc90,pm-pc90,pc92,,
pm-pc154; vb-pc154,pm-pc76; vb-pc76,,pm-pc69; vb-pc69,pm-pc90; vb-pc90,,pm-pc90,vb-pc69,pm-pc90,pm-pc57; vb-pc57,pm-pc75; vb-pc75,pm-pc64; vb-pc64,pm-2-pc80; pm-pc80; vb-pc80,,,pm-dh-pc53; pm-pc54; vb-pc54,pm-2-pc69; pm-pc69; vb-pc69,,pm-finot-pc69; pm-tf11-pc69,,pm-pc53; vb-pc53,pm-pc69; vb-pc69,,pm-gbm2-pc69; pm-gbm3-pc69; pm-mpt-pc69,,pm-pc53; vb-pc53,pm-pc69; vb-pc69,pm-pc58,pc71,qizil-pc69,
pm-pc160; vb-pc160,pm-pc82; vb-pc82,,pm-pc70; vb-pc70,pm-pc91; vb-pc91,,pm-pc91,vb-pc70,pm-pc91,pm-pc69; vb-pc69,pm-pc91; vb-pc91,,,,,,,,,,,,,,,,,,pc10,,
pm-pc151; vb-pc151,pm-pc73; vb-pc73,,pm-pc60; vb-pc60,pm-pc92; vb-pc92,,pm-pc92,vb-pc60,pm-pc92,pm-pc48; vb-pc48,pm-pc64; vb-pc64,pm-pc57; vb-pc57,pm-2-pc73; pm-pc73; vb-pc73,,,pm-dh-pc66,pm-2-pc83; pm-pc83; vb-pc83,,pm-finot-pc83; pm-tf11-pc83,,pm-pc66; vb-pc66,pm-pc83; vb-pc83,,pm-gbm3-pc83; pm-mpt-pc83,,pm-pc66; vb-pc66,pm-pc83; vb-pc83,pm-pc83,pc85,,
,pm-pd2; vb-pd2,,,pm-pd3; vb-pd3,,pm-pd1,,pm-pd1,,pm-pd2; vb-pd2,,pm-2-pd2; pm-pd2; vb-pd2,,,,pm-2-pd2; pm-pd2; vb-pd2,,pm-finot-pd2; pm-tf11-pd2,,,pm-pd2; vb-pd2,,pm-gbm3-pd2; pm-mpt-pd2,,,pm-pd2; vb-pd2,pm-pd2,pd2,,
,pm-pd3; vb-pd3,,,pm-pd4; vb-pd4,,pm-pd2,,pm-pd2,,pm-pd3; vb-pd3,,pm-2-pd3; pm-pd3; vb-pd3,,,,pm-2-pd3; pm-pd3; vb-pd3,,pm-finot-pd3; pm-tf11-pd3,,pm-pd11; vb-pd11,pm-pd3; vb-pd3,,pm-gbm3-pd3; pm-mpt-pd3,,pm-pd11; vb-pd11,pm-pd3; vb-pd3,pm-pd3,pd3,,
,pm-pd4; vb-pd4,,,pm-pd1; vb-pd1,,pm-pd3,,pm-pd3,,pm-pd4; vb-pd4,,pm-2-pd4; pm-pd4; vb-pd4,,,,pm-2-pd4; pm-pd4; vb-pd4,,pm-finot-pd4; pm-tf11-pd4,,,pm-pd4; vb-pd4,,pm-gbm3-pd4; pm-mpt-pd4,,,pm-pd4; vb-pd4,pm-pd4,pd4,,
,pm-pd1; vb-pd1,,,pm-pd2; vb-pd2,,pm-pd4,,pm-pd4,,pm-pd1; vb-pd1,,pm-2-pd1; pm-pd1; vb-pd1,,,,pm-2-pd1; pm-pd1; vb-pd1,,pm-finot-pd1; pm-tf11-pd1,,,pm-pd1; vb-pd1,,pm-gbm3-pd1; pm-mpt-pd1,,,pm-pd1; vb-pd1,pm-pd1,pd1,,
pm-sk1; vb-sk1,pm-sk1; vb-sk1,,pm-sk10; vb-sk10,pm-sk1; vb-sk1,,pm-sk1,vb-sk1,pm-sk1,,,pm-sk1; vb-sk1,pm-2-sk1; pm-sk1; vb-sk1,,,pm-dh-sk12; pm-sk12; vb-sk12,pm-sk12; vb-sk12,,pm-finot-sk12; pm-tf11-sk12,,pm-sk1; vb-sk1,pm-sk12; vb-sk1,,pm-gbm2-sk1; pm-gbm3-sk1; pm-mpt-sk1,,pm-sk1; vb-sk1,pm-sk1; vb-sk1,pm-sk3,sk1,,
pm-sk2; vb-sk2,pm-sk2; vb-sk2,,pm-sk15; vb-sk15,pm-sk2; vb-sk2,,pm-sk2,vb-sk2,pm-sk2,,,pm-sk2; vb-sk2,pm-2-sk2; pm-sk2; vb-sk2,,,pm-dh-sk17; pm-sk16; vb-sk16,pm-sk16; vb-sk16,,pm-tf11-sk16,,pm-sk8; vb-sk8,pm-sk16; vb-sk8,,pm-gbm2-sk8; pm-gbm3-sk8; pm-mpt-sk10,,pm-sk9; vb-sk9,pm-sk8; vb-sk8,pm-sk9,sk2,,
pm-sk5; vb-sk5,pm-sk5; vb-sk5,,,,,pm-sk3,vb-sk3,pm-sk3,pm-sk49; vb-sk49,pm-sk49; vb-sk49,,,,,pm-dh-sk20; pm-sk19; vb-sk19,pm-2-sk14; pm-sk19; vb-sk19,,pm-finot-sk19; pm-tf11-sk17,,pm-sk11; vb-sk11,pm-sk19; vb-sk11,,pm-gbm2-sk11; pm-gbm3-sk11; pm-mpt-sk12,,pm-sk12; vb-sk12,pm-sk11; vb-sk11,pm-sk11,sk23,,
pm-sk7; vb-sk7,pm-sk7; vb-sk7,,pm-sk17; vb-sk17,pm-sk4; vb-sk4,,pm-sk4,vb-sk4,pm-sk4,pm-sk37; vb-sk37,pm-sk37; vb-sk37,pm-sk20; vb-sk20,pm-2-sk20; pm-sk20; vb-sk20,,,pm-dh-sk22,pm-2-sk12; pm-sk21; vb-sk21,,pm-finot-sk21; pm-tf11-sk21,,pm-sk14; vb-sk14,pm-sk21; vb-sk14,,pm-gbm2-sk14; pm-gbm3-sk14; pm-mpt-sk14,,pm-sk15; vb-sk15,pm-sk14; vb-sk14,pm-sk14,sk7,,
pm-sk13; vb-sk13,pm-sk13; vb-sk13,,pm-sk18; vb-sk18,pm-sk5; vb-sk5,,pm-sk5,vb-sk5,pm-sk5,pm-sk47; vb-sk47,pm-sk47; vb-sk47,pm-sk22; vb-sk22,pm-2-sk22; pm-sk22; vb-sk22,,,pm-dh-sk24; pm-sk25; vb-sk25,pm-2-sk20; pm-sk27; vb-sk27,,pm-finot-sk27; pm-tf11-sk23,,pm-sk13; vb-sk13,pm-sk27; vb-sk13,,pm-gbm2-sk13; pm-gbm3-sk13; pm-mpt-sk13,,pm-sk14; vb-sk14,pm-sk13; vb-sk13,pm-sk13,sk9,,
pm-sk11; vb-sk11,pm-sk11; vb-sk11,,pm-sk19; vb-sk19,pm-sk6; vb-sk6,,pm-sk6,vb-sk6,pm-sk6,pm-sk45; vb-sk45,pm-sk45; vb-sk45,pm-sk24; vb-sk24,pm-2-sk24; pm-sk24; vb-sk24,,,,,,pm-tf11-sk25,,,,,pm-mpt-sk22,,,,pm-sk20,sk5,,
pm-sk23; vb-sk23,pm-sk23; vb-sk23,,pm-sk20; vb-sk20,pm-sk7; vb-sk7,,pm-sk7,vb-sk7,pm-sk7,pm-sk43; vb-sk43,pm-sk43; vb-sk43,pm-sk7; vb-sk7,pm-2-sk7; pm-sk7; vb-sk7,,,pm-dh-sk30; pm-sk29; vb-sk29,pm-2-sk24; pm-sk31; vb-sk31,,pm-finot-sk31; pm-tf11-sk31,,pm-sk16; vb-sk16,pm-sk31; vb-sk15,,pm-gbm2-sk16; pm-gbm3-sk16; pm-mpt-sk16,,pm-sk18; vb-sk18,pm-sk16; vb-sk16,pm-sk21,sk12,,
pm-sk9; vb-sk9,pm-sk9; vb-sk9,,pm-sk21; vb-sk21,pm-sk8; vb-sk8,,pm-sk8,vb-sk8,pm-sk8,pm-sk13; vb-sk13,pm-sk13; vb-sk13,pm-sk3; vb-sk3,pm-2-sk3; pm-sk3; vb-sk3,,,pm-dh-sk40; pm-sk37; vb-sk37,pm-2-sk34; pm-sk41,,pm-finot-sk37; pm-tf11-sk35,,pm-sk17; vb-sk17,pm-sk41; vb-sk16,,pm-gbm2-sk17; pm-gbm3-sk17; pm-mpt-sk17,,,,pm-sk19,sk14,,
pm-sk25; vb-sk25,pm-sk25; vb-sk25,,pm-sk22; vb-sk22,pm-sk9; vb-sk9,,pm-sk9,vb-sk9,pm-sk9,pm-sk39; vb-sk39,pm-sk39; vb-sk39,pm-sk11; vb-sk11,pm-2-sk11; pm-sk11; vb-sk11,,,pm-dh-sk28; pm-sk27; vb-sk27,pm-2-sk22; pm-sk29; vb-sk29,,pm-tf11-sk27,,pm-sk21; vb-sk21,pm-sk29; vb-sk20,,pm-gbm2-sk23; pm-gbm3-sk23; pm-mpt-sk24,,pm-sk25; vb-sk25,pm-sk23; vb-sk23,pm-sk22,sk11,,
pm-sk21; vb-sk21,pm-sk21; vb-sk21,,pm-sk23; vb-sk23,pm-sk10; vb-sk10,,pm-sk10,vb-sk10,pm-sk10,pm-sk29; vb-sk29,pm-sk29; vb-sk29,pm-sk12; vb-sk12,pm-2-sk12; pm-sk12; vb-sk12,,,pm-dh-sk34; pm-sk35; vb-sk35,pm-2-sk28; pm-sk35; vb-sk35,,pm-finot-sk35; pm-tf11-sk33,,pm-sk25; vb-sk25,pm-sk35; vb-sk24,,pm-gbm2-sk25; pm-gbm3-sk25; pm-mpt-sk25,,pm-sk27; vb-sk27,pm-sk25; vb-sk25,pm-sk17,,,
pm-sk15; vb-sk15,pm-sk15; vb-sk15,,pm-sk24; vb-sk24,pm-sk11; vb-sk11,,pm-sk11,vb-sk11,pm-sk11,pm-sk19; vb-sk19,pm-sk19; vb-sk19,pm-sk14; vb-sk14,pm-2-sk14; pm-sk14; vb-sk14,,,pm-dh-sk52; pm-sk49; vb-sk49,pm-2-sk46; pm-sk53; vb-sk49,,pm-finot-sk53; pm-tf11-sk51,,pm-sk26; vb-sk26,pm-sk53; vb-sk25,,pm-gbm2-sk26; pm-gbm3-sk26; pm-mpt-sk26,,pm-sk28; vb-sk28,pm-sk26; vb-sk26,pm-sk27,,,
pm-sk19; vb-sk19,pm-sk19; vb-sk19,,pm-sk25; vb-sk25,pm-sk12; vb-sk12,,pm-sk12,vb-sk12,pm-sk12,pm-sk21; vb-sk21,pm-sk21; vb-sk21,,,,,pm-dh-sk50; pm-sk47; vb-sk47,pm-2-sk44; pm-sk51; vb-sk47,,pm-finot-sk51; pm-tf11-sk49,,pm-sk28; vb-sk28,pm-sk51; vb-sk27,,pm-gbm2-sk28; pm-gbm3-sk28; pm-mpt-sk28,,pm-sk30; vb-sk30,pm-sk28; vb-sk28,pm-sk26,sk21,,
pm-sk17; vb-sk17,pm-sk17; vb-sk17,,pm-sk26; vb-sk26,pm-sk13; vb-sk13,,pm-sk13,vb-sk13,pm-sk13,pm-sk33; vb-sk33,pm-sk33; vb-sk33,pm-sk16; vb-sk16,pm-2-sk16; pm-sk16; vb-sk16,,,pm-dh-sk46; pm-sk43; vb-sk43,pm-2-sk40; pm-sk47; vb-sk43,,pm-finot-sk47; pm-tf11-sk45,,pm-sk27; vb-sk27,pm-sk47; vb-sk26,,pm-gbm2-sk27; pm-gbm3-sk27; pm-mpt-sk27,,pm-sk29; vb-sk29,pm-sk27; vb-sk27,pm-sk25,sk19,,
pm-sk6; vb-sk6,pm-sk6; vb-sk6,,,,,pm-sk14,vb-sk14,pm-sk14,pm-sk50; vb-sk50,pm-sk50; vb-sk50,,,,,pm-dh-sk21; pm-sk20; vb-sk20,pm-2-sk15; pm-sk20; vb-sk20,,pm-finot-sk20; pm-tf11-sk18,,,pm-sk20,,,,,,,sk24,,
pm-sk8; vb-sk8,pm-sk8; vb-sk8,,pm-sk28; vb-sk28,pm-sk15; vb-sk15,,pm-sk15,vb-sk15,pm-sk15,pm-sk38; vb-sk38,pm-sk38; vb-sk38,pm-sk21; vb-sk21,pm-2-sk21; pm-sk21; vb-sk21,,,pm-dh-sk23,pm-2-sk13; pm-sk22; vb-sk22,,pm-finot-sk22; pm-tf11-sk22,,,pm-sk22,,,,,,pm-sk15,sk8,,
pm-sk14; vb-sk14,pm-sk14; vb-sk14,,pm-sk29; vb-sk29,pm-sk16; vb-sk16,,pm-sk16,vb-sk16,pm-sk16,pm-sk48; vb-sk48,pm-sk48; vb-sk48,pm-sk23; vb-sk23,pm-2-sk23; pm-sk23; vb-sk23,,,pm-dh-sk25; pm-sk26; vb-sk26,pm-2-sk21; pm-sk28; vb-sk28,,pm-finot-sk28; pm-tf11-sk24,,,pm-sk28,,,,,,,sk10,,
pm-sk12; vb-sk12,pm-sk12; vb-sk12,,pm-sk30; vb-sk30,pm-sk17; vb-sk17,,pm-sk17,vb-sk17,pm-sk17,pm-sk46; vb-sk46,pm-sk46; vb-sk46,pm-sk25; vb-sk25,pm-2-sk25; pm-sk25; vb-sk25,,,,,,pm-tf11-sk26,,,,,,,,,,sk6,,
pm-sk24; vb-sk24,pm-sk24; vb-sk24,,pm-sk31; vb-sk31,pm-sk18; vb-sk18,,pm-sk18,vb-sk18,pm-sk18,pm-sk44; vb-sk44,pm-sk44; vb-sk44,pm-sk8; vb-sk8,pm-2-sk8; pm-sk8; vb-sk8,,,pm-dh-sk31; pm-sk30; vb-sk30,pm-2-sk25; pm-sk32; vb-sk32,,pm-finot-sk32; pm-tf11-sk32,,,pm-sk32,,,,,,,sk13,,
pm-sk10; vb-sk10,pm-sk10; vb-sk10,,pm-sk32; vb-sk32,pm-sk19; vb-sk19,,pm-sk19,vb-sk19,pm-sk19,pm-sk14; vb-sk14,pm-sk14; vb-sk14,pm-sk4; vb-sk4,pm-2-sk4; pm-sk4; vb-sk4,,,pm-dh-sk41; pm-sk38; vb-sk38,pm-2-sk35; pm-sk42,,pm-tf11-sk36,,,pm-sk42,,,,,,,sk15,,
,,,pm-sk34; vb-sk34,pm-sk21; vb-sk21,,pm-sk20,vb-sk20,pm-sk20,pm-sk17; vb-sk17,,,,,,pm-dh-sk36,,,pm-tf11-sk58,,,,,pm-mpt-sk35,,,,,,,
pm-sk26; vb-sk26,pm-sk26; vb-sk26,,pm-sk33; vb-sk33,pm-sk20; vb-sk20,,pm-sk21,vb-sk21,pm-sk21,pm-sk16; vb-sk16,pm-sk16; vb-sk16,,,,,pm-dh-sk43; pm-sk40; vb-sk40,pm-2-sk37; pm-sk44; vb-sk38,,pm-finot-sk40; pm-tf11-sk44,,,pm-sk44,,pm-mpt-sk20,,,,,,,
pm-sk22; vb-sk22,pm-sk22; vb-sk22,,pm-sk35; vb-sk35,pm-sk22; vb-sk22,,pm-sk22,vb-sk22,pm-sk22,pm-sk30; vb-sk30,pm-sk30; vb-sk30,pm-sk13; vb-sk13,pm-2-sk13; pm-sk13; vb-sk13,,,pm-dh-sk35; pm-sk36; vb-sk36,pm-2-sk29; pm-sk36; vb-sk36,,pm-finot-sk36; pm-tf11-sk34,,,pm-sk36,,,,,,,,,
,,,pm-sk36; vb-sk36,pm-sk23; vb-sk23,,pm-sk23,vb-sk23,pm-sk23,,,,,,,,,,,,,,,,,,,,,,
pm-sk27~; vb-sk27~,pm-sk27~; vb-sk27~,,pm-sk37~; vb-sk37~,pm-sk24~; vb-sk24~,,pm-sk24~,vb-sk24~; vb-sk25~,pm-sk24,pm-sk51~; vb-sk51~,pm-sk51~; vb-sk51~,pm-sk26~; vb-sk26~,pm-2-sk26~; pm-sk26~; vb-sk26~,,,pm-dh-sk61~; pm-dh-sk62~; pm-sk58~; pm-sk59~; vb-sk58~; vb-sk59~,pm-2-sk56~; pm-2-sk57~; pm-sk62~; pm-sk63~; vb-sk58~; vb-sk59~,,pm-finot-sk62~; pm-finot-sk63~; pm-tf11-sk60~; pm-tf11-sk61~,,pm-sk40~; vb-sk40~,pm-sk62~; pm-sk63~; vb-sk39~; vb-sk40~,,pm-gbm2-sk39~; pm-gbm3-sk40~; pm-mpt-sk40~,,pm-sk41~; vb-sk41~,pm-sk40~; vb-sk40~,pm-sk40~; pm-sk46~,sk25~,,
pm-sk34; vb-sk34,pm-sk34; vb-sk34,,pm-sk38; vb-sk38,pm-sk25; vb-sk25,,pm-sk25,vb-sk26,pm-sk25,pm-sk53; vb-sk53,pm-sk53; vb-sk53,pm-sk29; vb-sk29,pm-2-sk29; pm-sk29; vb-sk29,,,pm-dh-sk64; pm-sk61; vb-sk61,pm-2-sk58; pm-sk65; vb-sk61,,pm-finot-sk65; pm-tf11-sk64,,pm-sk42; vb-sk42,pm-sk65; vb-sk41,,pm-gbm2-sk41; pm-gbm3-sk42; pm-mpt-sk42,,,,,sk32,qizil-sk64,
pm-sk35; vb-sk35,pm-sk35; vb-sk35,,pm-sk40; vb-sk40,pm-sk26; vb-sk26,,pm-sk26,vb-sk27,pm-sk26,pm-sk55; vb-sk55,pm-sk55; vb-sk55,pm-sk31; vb-sk31,pm-2-sk31; pm-sk31; vb-sk31,,,pm-sk62; vb-sk62,pm-2-sk60; pm-sk66,,pm-tf11-sk62,,pm-sk64; vb-sk64,pm-sk66; vb-sk63,,pm-gbm3-sk68; pm-mpt-sk67,,pm-sk69; vb-sk69,pm-sk68; vb-sk68,pm-sk61,sk29,,
,,,,pm-sk28; vb-sk28,,pm-sk27,vb-sk28,pm-sk27,pm-sk73; vb-sk73,pm-sk73; vb-sk73,,,,,pm-dh-sk75; pm-sk72; vb-sk72,,,,,,,,,,,,,,,
pm-sk46; vb-sk46,pm-sk46; vb-sk46,,pm-sk39; vb-sk39,pm-sk27; vb-sk27,,pm-sk28,vb-sk29,pm-sk28,pm-sk69; vb-sk69,pm-sk69; vb-sk69,pm-sk41; vb-sk41,pm-2-sk41; pm-sk41; vb-sk41,,,pm-dh-sk66,pm-2-sk61,,pm-finot-sk67; pm-tf11-sk66,,pm-sk61; vb-sk61,pm-sk67; vb-sk60,,pm-gbm3-sk61; pm-mpt-sk60,,pm-sk62; vb-sk62,pm-sk61; vb-sk61,,,qizil-sk66,
pm-sk49; vb-sk49,pm-sk49; vb-sk49,,pm-sk41; vb-sk41,,,pm-sk29,vb-sk30,pm-sk29,pm-sk63; vb-sk63,pm-sk63; vb-sk63,pm-sk44; vb-sk44,pm-2-sk44; pm-sk44; vb-sk44,,,,pm-2-sk70; pm-sk76; vb-sk72,,pm-finot-sk76; pm-tf11-sk77,,pm-sk63; vb-sk63,pm-sk76; vb-sk62,,pm-gbm3-sk58; pm-mpt-sk57,,pm-sk59; vb-sk59,pm-sk58; vb-sk58,pm-sk53,sk41,qizil-sk77,
pm-sk39; vb-sk39,pm-sk39; vb-sk39,,pm-sk42; vb-sk42,pm-sk29; vb-sk29,,pm-sk30,vb-sk31,pm-sk30,pm-sk64; vb-sk64,pm-sk64; vb-sk64,pm-sk36~; vb-sk36~,pm-2-sk36~; pm-sk36~; vb-sk36~,,,pm-dh-sk67; pm-sk63; vb-sk63,pm-2-sk62; pm-sk68; vb-sk64,,pm-finot-sk68; pm-tf11-sk67,,pm-sk49; vb-sk49,pm-sk68; vb-sk48,,pm-gbm3-sk50; pm-mpt-sk49,,pm-sk51; vb-sk51,pm-sk50; vb-sk50,pm-sk62,sk33,qizil-sk67,
pm-sk41; vb-sk41,pm-sk41; vb-sk41,,pm-sk43; vb-sk43,pm-sk30; vb-sk30,,pm-sk31,vb-sk32,pm-sk31,pm-sk66; vb-sk66,pm-sk66; vb-sk66,pm-sk37; vb-sk37,pm-2-sk37; pm-sk37; vb-sk37,,,pm-dh-sk69; pm-sk66; vb-sk66,pm-2-sk64; pm-sk70; vb-sk66,,pm-finot-sk70; pm-tf11-sk69,,pm-sk51; vb-sk51,pm-sk70; vb-sk50,,pm-gbm3-sk52; pm-mpt-sk51,,pm-sk53; vb-sk53,pm-sk52; vb-sk52,pm-sk65,sk35,qizil-sk69,
pm-sk44; vb-sk44,pm-sk44; vb-sk44,,pm-sk44; vb-sk44,pm-sk31; vb-sk31,,pm-sk32,vb-sk33,pm-sk32,pm-sk75; vb-sk75,pm-sk75; vb-sk75,pm-sk39; vb-sk39,pm-2-sk39; pm-sk39; vb-sk39,,,,,,,,,,,,,,,,,,
pm-sk45; vb-sk45,pm-sk45; vb-sk45,,pm-sk45; vb-sk45,pm-sk32; vb-sk32,,pm-sk33,vb-sk34,pm-sk33,pm-sk68; vb-sk68,pm-sk68; vb-sk68,,,,,pm-dh-sk71; pm-sk68; vb-sk68,pm-2-sk66; pm-sk72; vb-sk68,,pm-finot-sk66; pm-tf11-sk71,,pm-sk62; vb-sk62,pm-sk72; vb-sk61,,pm-gbm3-sk63; pm-mpt-sk61,,pm-sk64; vb-sk64,pm-sk63; vb-sk63,pm-sk54,sk43,qizil-sk71,
pm-sk43; vb-sk43,pm-sk43; vb-sk43,,pm-sk46; vb-sk46,pm-sk33; vb-sk33,,pm-sk34,vb-sk35,pm-sk34,pm-sk70; vb-sk70,pm-sk70; vb-sk70,pm-sk38; vb-sk38,pm-2-sk38; pm-sk38; vb-sk38,,,pm-dh-sk70; pm-sk67; vb-sk67,pm-2-sk65; pm-sk71; vb-sk67,,pm-finot-sk71; pm-tf11-sk70,,pm-sk52; vb-sk52,pm-sk71; vb-sk51,,pm-gbm3-sk53; pm-mpt-sk52,,pm-sk54; vb-sk54,pm-sk53; vb-sk53,pm-sk64,sk36,qizil-sk70,
pm-sk53; vb-sk53,pm-sk53; vb-sk53,,pm-sk49; vb-sk49,pm-sk34; vb-sk34,,pm-sk35,vb-sk38,pm-sk35,pm-sk56; vb-sk56,pm-sk56; vb-sk56,,,,,pm-dh-sk78; pm-sk77; vb-sk77,pm-2-sk73; pm-sk79; vb-sk75,,pm-finot-sk79; pm-tf11-sk79,,pm-sk66; vb-sk66,pm-sk79; vb-sk65,,pm-gbm3-sk64; pm-mpt-sk64,,pm-sk66; vb-sk66,pm-sk65; vb-sk65,pm-sk57,,qizil-sk79,
pm-sk52; vb-sk52,pm-sk52; vb-sk52,,pm-sk48; vb-sk48,pm-sk35; vb-sk35,,pm-sk36,vb-sk37,pm-sk36,,,,,,,pm-dh-sk77; pm-sk74; vb-sk74,pm-2-sk72; pm-sk78; vb-sk74,,pm-finot-sk78; pm-tf11-sk78,,pm-sk65; vb-sk65,pm-sk78; vb-sk64,,pm-gbm3-sk65; pm-mpt-sk63,,pm-sk65; vb-sk65,pm-sk64; vb-sk64,pm-sk56,sk45,qizil-sk78,
,,,pm-sk47; vb-sk47,pm-sk36; vb-sk36,,pm-sk37,vb-sk36,pm-sk37,,,,,,,,,,,,,,,,,,,,,,
pm-sk50; vb-sk50,pm-sk50; vb-sk50,,pm-sk50; vb-sk50,pm-sk37; vb-sk37,,pm-sk38,vb-sk39,pm-sk38,pm-sk62; vb-sk62,pm-sk62; vb-sk62,pm-sk42; vb-sk42,pm-2-sk42; pm-sk42; vb-sk42,,,pm-dh-sk72; pm-sk70; vb-sk70,pm-2-sk67; pm-sk73; vb-sk69,,pm-finot-sk73; pm-tf11-sk73,,pm-sk55; vb-sk55,pm-sk73; vb-sk54,,pm-gbm3-sk54; pm-mpt-sk53,,pm-sk56; vb-sk56,pm-sk55; vb-sk55,pm-sk48~,sk38,qizil-sk73,
pm-sk51; vb-sk51,pm-sk51; vb-sk51,,pm-sk51; vb-sk51,pm-sk38; vb-sk38,,pm-sk39,vb-sk40,pm-sk39,pm-sk61; vb-sk61,pm-sk61; vb-sk61,pm-sk43; vb-sk43,pm-2-sk43; pm-sk43; vb-sk43,,,pm-sk69; vb-sk69,,,pm-tf11-sk72,,pm-sk56; vb-sk56,vb-sk55,,pm-gbm3-sk55; pm-mpt-sk54,,pm-sk57; vb-sk57,pm-sk54; vb-sk54,pm-sk48~,,qizil-sk72,
,,,pm-sk52; vb-sk52,pm-sk39; vb-sk39,,pm-sk40,vb-sk41,pm-sk40,pm-sk74; vb-sk74,pm-sk74; vb-sk74,,,,,pm-dh-sk73,pm-2-sk68; pm-sk74; vb-sk70,,,,,pm-sk74,,,,pm-sk55; vb-sk55,,,,,
pm-sk47; vb-sk47,pm-sk47; vb-sk47,,pm-sk54; vb-sk54,pm-sk41; vb-sk41,,pm-sk41,vb-sk42,pm-sk41,pm-sk72; vb-sk72,pm-sk72; vb-sk72,pm-sk45; vb-sk45,pm-2-sk45; pm-sk45; vb-sk45,,,pm-dh-sk80; pm-sk76; vb-sk76,pm-2-sk75; pm-sk81; vb-sk76,,pm-finot-sk81; pm-tf11-sk80,,pm-sk67; vb-sk67,pm-sk81; vb-sk66,,pm-gbm3-sk66; pm-mpt-sk65,,pm-sk67; vb-sk67,pm-sk66; vb-sk66,,sk47,qizil-sk80,
pm-sk48; vb-sk48,pm-sk48; vb-sk48,,pm-sk53; vb-sk53,pm-sk40; vb-sk40,,pm-sk42,vb-sk43,pm-sk42,pm-sk59; vb-sk59,pm-sk59; vb-sk59,pm-sk40; vb-sk40,pm-2-sk40; pm-sk40; vb-sk40,,,pm-dh-sk79,pm-2-sk74; pm-sk80; vb-sk77,,pm-finot-sk80; pm-tf11-sk81,,pm-sk59; vb-sk59,pm-sk80; vb-sk58,,pm-gbm3-sk59; pm-mpt-sk58,,,,,,qizil-sk81,
pm-sk38; vb-sk38,pm-sk38; vb-sk38,,pm-sk55; vb-sk55,pm-sk42; vb-sk42,,pm-sk43,vb-sk44,pm-sk43,pm-sk80; vb-sk80,pm-sk80; vb-sk80,pm-sk34; vb-sk34,pm-2-sk34; pm-sk34; vb-sk34,,,pm-dh-sk84; pm-sk80; vb-sk80,pm-2-sk79; pm-sk85; vb-sk81,,pm-finot-sk85; pm-tf11-sk85,,pm-sk70; vb-sk70,pm-sk85; vb-sk69,,pm-gbm3-sk69; pm-mpt-sk70,,pm-sk70; vb-sk70,pm-sk69; vb-sk69,pm-sk66,sk52,,
pm-sk32; vb-sk32,pm-sk32; vb-sk32,,pm-sk56; vb-sk56,pm-sk43; vb-sk43,,pm-sk44,vb-sk45,pm-sk44,pm-sk58~; vb-sk58~,pm-sk58~; vb-sk58~,pm-sk35~; vb-sk35~,pm-2-sk35~; pm-sk35~; vb-sk35~,,,pm-sk81; vb-sk81,pm-2-sk80; pm-sk86; vb-sk82,,pm-finot-sk86; pm-tf11-sk86,,pm-sk69; vb-sk69,pm-sk86; vb-sk68,,pm-gbm2-sk43; pm-mpt-sk44,,,,,,,
pm-sk37; vb-sk37,pm-sk37; vb-sk37,,pm-sk57; vb-sk57,pm-sk44; vb-sk44,,pm-sk45,vb-sk46,pm-sk45,pm-sk79; vb-sk79,pm-sk79; vb-sk79,pm-sk32; vb-sk32,pm-2-sk32; pm-sk32; vb-sk32,,,pm-dh-sk82; pm-sk78; vb-sk78,pm-2-sk77; pm-sk84; vb-sk79,,pm-tf11-sk83,,,pm-sk84,,pm-gbm3-sk46,,,,pm-sk45,sk50,qizil-sk83,
pm-sk36; vb-sk36,pm-sk36; vb-sk36,,pm-sk58; vb-sk58,pm-sk45; vb-sk45,,pm-sk46,vb-sk47,pm-sk46,pm-sk77; vb-sk77,pm-sk77; vb-sk77,pm-sk33; vb-sk33,pm-2-sk33; pm-sk33; vb-sk33,,,pm-dh-sk83; pm-sk79; vb-sk79,pm-2-sk78; pm-sk83; vb-sk80,,pm-finot-sk83; pm-tf11-sk84,,pm-sk53; vb-sk53,pm-sk83; vb-sk52,,pm-gbm3-sk45; pm-mpt-sk46,,,pm-sk46; vb-sk46,pm-sk43,sk51,,
pm-sk56; vb-sk56,pm-sk56; vb-sk56,,pm-sk60; vb-sk60,pm-sk47; vb-sk47,,pm-sk47,vb-sk49,pm-sk47,pm-sk76; vb-sk76,pm-sk76; vb-sk76,pm-sk48; vb-sk48,pm-2-sk48; pm-sk48; vb-sk48,,,pm-dh-sk86; pm-sk83; vb-sk83,pm-2-sk82; pm-sk88; vb-sk84,,pm-finot-sk88; pm-tf11-sk88,,pm-sk72; vb-sk72,pm-sk88; vb-sk71,,pm-gbm3-sk72; pm-mpt-sk71,,pm-sk72; vb-sk72,pm-sk72; vb-sk72,pm-sk69,sk53,,
pm-sk55; vb-sk55,pm-sk55; vb-sk55,,pm-sk59; vb-sk59,pm-sk46; vb-sk46,,pm-sk48,vb-sk48,pm-sk48,pm-sk60; vb-sk60,pm-sk60; vb-sk60,pm-sk47; vb-sk47,pm-2-sk47; pm-sk47; vb-sk47,,,pm-dh-sk81; pm-sk75; vb-sk75,pm-2-sk76; pm-sk82; vb-sk78,,pm-finot-sk82; pm-tf11-sk82,,pm-sk71; vb-sk71,pm-sk82; vb-sk70,,pm-gbm3-sk70; pm-mpt-sk68,,pm-sk71; vb-sk71,pm-sk70; vb-sk70,pm-sk68,sk49,qizil-sk82,
pm-sk70; vb-sk70,pm-sk70; vb-sk70,,pm-sk61; vb-sk61,pm-sk48; vb-sk48,,pm-sk49,vb-sk50,pm-sk49,pm-sk87; vb-sk87,pm-sk87; vb-sk87,pm-sk86; vb-sk86,pm-2-sk86; pm-sk86; vb-sk86,,,pm-dh-sk91; pm-sk87; vb-sk87,pm-2-sk87; pm-sk93; vb-sk88,,pm-finot-sk93; pm-tf11-sk92,,pm-sk78; vb-sk78,pm-sk93; vb-sk77,,pm-gbm3-sk79; pm-mpt-sk77,,pm-sk84; vb-sk84,pm-sk79; vb-sk79,pm-sk74,sk59,,
,,,pm-sk62; vb-sk62,pm-sk49; vb-sk49,,pm-sk50,vb-sk51,pm-sk50,,,,,,,,,,,,pm-sk79; vb-sk79,vb-sk78,,,,,,pm-sk76,,,
pm-sk69; vb-sk69,pm-sk69; vb-sk69,,pm-sk63; vb-sk63,pm-sk50; vb-sk50,,pm-sk51,vb-sk52,pm-sk51,pm-sk88; vb-sk88,pm-sk88; vb-sk88,pm-sk89; vb-sk89,pm-2-sk89; pm-sk89; vb-sk89,,,pm-dh-sk90; pm-sk88; vb-sk88,pm-2-sk86; pm-sk92; vb-sk89,,pm-finot-sk92; pm-tf11-sk93,,pm-sk80; vb-sk80,pm-sk92; vb-sk79,,pm-gbm3-sk81; pm-mpt-sk79,,pm-sk86; vb-sk86,pm-sk81; vb-sk81,pm-sk77,sk58,,
pm-sk62; vb-sk62,pm-sk62; vb-sk62,,pm-sk64; vb-sk64,pm-sk51; vb-sk51,,pm-sk52,vb-sk53,pm-sk52,pm-sk84; vb-sk84,pm-sk84; vb-sk84,pm-sk58; vb-sk58,pm-2-sk58; pm-sk58; vb-sk58,,,pm-dh-sk101; pm-sk97; vb-sk97,pm-2-sk97; pm-sk103; vb-sk99,,pm-finot-sk104; pm-tf11-sk103,,pm-sk93; vb-sk93,vb-sk92,,,,pm-sk103; vb-sk103,pm-sk98; vb-sk98,pm-sk84,sk65,,
pm-sk61; vb-sk61,pm-sk61; vb-sk61,,pm-sk65; vb-sk65,pm-sk52; vb-sk52,,pm-sk53,vb-sk54,pm-sk53,pm-sk85; vb-sk85,pm-sk85; vb-sk85,pm-sk57; vb-sk57,pm-2-sk57; pm-sk57; vb-sk57,,,pm-dh-sk103; pm-sk98; vb-sk98,pm-2-sk98; pm-sk104; vb-sk98,,pm-finot-sk103; pm-tf11-sk104,,pm-sk92; vb-sk92,vb-sk91,,pm-gbm3-sk98; pm-mpt-sk95,,,,pm-sk83,sk64,,
pm-sk67; vb-sk67,pm-sk67; vb-sk67,,pm-sk66; vb-sk66,pm-sk53; vb-sk53,,pm-sk54,vb-sk55,pm-sk54,pm-sk92; vb-sk92,pm-sk92; vb-sk92,pm-sk54; vb-sk54,pm-2-sk54; pm-sk54; vb-sk54,,,pm-dh-sk93; pm-sk90; vb-sk90,pm-2-sk89; pm-sk95; vb-sk91,,pm-finot-sk95; pm-tf11-sk96,,pm-sk83; vb-sk83,pm-sk95; vb-sk82,,pm-gbm3-sk84; pm-mpt-sk82,,pm-sk89; vb-sk89,pm-sk84; vb-sk84,pm-sk92,sk61,,
pm-sk66; vb-sk66,pm-sk66; vb-sk66,,pm-sk67; vb-sk67,pm-sk54; vb-sk54,,pm-sk55,vb-sk56,pm-sk55,,,pm-sk55; vb-sk55,pm-2-sk55; pm-sk55; vb-sk55,,,pm-dh-sk94; pm-sk91; vb-sk91,pm-2-sk90; pm-sk96; vb-sk92,,pm-finot-sk96; pm-tf11-sk95,,pm-sk97; vb-sk97,pm-sk96; vb-sk96,,pm-gbm3-sk93; pm-mpt-sk90,,pm-sk98; vb-sk98,pm-sk93; vb-sk93,pm-sk91,sk62,,
,,,pm-sk68; vb-sk68,pm-sk55; vb-sk55,,pm-sk56,vb-sk57,pm-sk56,,,,,,,,,,,,,,,,,,,,,,
pm-sk65; vb-sk65,pm-sk65; vb-sk65,,pm-sk69; vb-sk69,pm-sk56; vb-sk56,,pm-sk57,vb-sk58,pm-sk57,pm-sk94; vb-sk94,pm-sk94; vb-sk94,,,,,pm-dh-sk99; pm-sk95; vb-sk95,pm-2-sk95; pm-sk101; vb-sk95,,pm-finot-sk99; pm-tf11-sk102,,pm-sk87; vb-sk87,pm-sk101; vb-sk86,,pm-gbm3-sk88; pm-mpt-sk86,,pm-sk93; vb-sk93,pm-sk88; vb-sk88,,,,
pm-sk59; vb-sk59,pm-sk59; vb-sk59,,pm-sk70; vb-sk70,pm-sk57; vb-sk57,,pm-sk58,vb-sk59,pm-sk58,pm-sk98; vb-sk98,pm-sk98; vb-sk98,pm-sk99; vb-sk99,pm-2-sk99; pm-sk99; vb-sk99,,,pm-dh-sk105,pm-2-sk101; pm-sk107; vb-sk102,,pm-finot-sk107; pm-tf11-sk107,,,,,pm-gbm3-sk101; pm-mpt-sk98,,pm-sk107; vb-sk107,pm-sk102; vb-sk102,pm-sk86,sk68,,
pm-sk60; vb-sk60,pm-sk60; vb-sk60,,pm-sk71; vb-sk71,pm-sk58; vb-sk58,,pm-sk59,vb-sk60,pm-sk59,pm-sk99; vb-sk99,pm-sk99; vb-sk99,,,,,pm-dh-sk107; pm-sk102; vb-sk102,pm-2-sk103; pm-sk109; vb-sk103,,pm-finot-sk109; pm-tf11-sk109,,,,,pm-gbm3-sk103; pm-mpt-sk100,,pm-sk109; vb-sk109,pm-sk101; vb-sk101,,sk69,,
pm-sk58; vb-sk58,pm-sk58; vb-sk58,,pm-sk72; vb-sk72,pm-sk59; vb-sk59,,pm-sk60,vb-sk61,pm-sk60,pm-sk97; vb-sk97,pm-sk97; vb-sk97,pm-sk96; vb-sk96,pm-2-sk96; pm-sk96; vb-sk96,,,pm-dh-sk102; pm-sk99; vb-sk99,pm-2-sk100; pm-sk105; vb-sk100,,pm-finot-sk105; pm-tf11-sk105,,,,,pm-gbm3-sk99; pm-mpt-sk96,,pm-sk104; vb-sk104,pm-sk99; vb-sk99,pm-sk85,sk67,,
pm-sk57; vb-sk57,pm-sk57; vb-sk57,,pm-sk73; vb-sk73,pm-sk60; vb-sk60,,pm-sk61,vb-sk62,pm-sk61,pm-sk95; vb-sk95,pm-sk95; vb-sk95,pm-sk100; vb-sk100,pm-2-sk100; pm-sk100; vb-sk100,,,pm-dh-sk104; pm-sk100; vb-sk100,pm-2-sk99; pm-sk106; vb-sk101,,pm-finot-sk106; pm-tf11-sk106,,pm-sk99; vb-sk99,vb-sk98,,pm-gbm3-sk100; pm-mpt-sk97,,pm-sk105; vb-sk105,pm-sk100; vb-sk100,pm-sk87,sk66,,
pm-sk72; vb-sk72,pm-sk72; vb-sk72,,pm-sk76; vb-sk76,pm-sk63; vb-sk63,,pm-sk62,vb-sk63,pm-sk62,pm-sk91; vb-sk91,pm-sk91; vb-sk91,pm-sk92; vb-sk92,pm-2-sk92; pm-sk92; vb-sk92,,,pm-dh-sk89; pm-sk86; vb-sk86,pm-2-sk85; pm-sk91; vb-sk87,,pm-finot-sk90; pm-tf11-sk91,,pm-sk82; vb-sk82,pm-sk91; vb-sk81,,pm-gbm3-sk83; pm-mpt-sk81,,pm-sk88; vb-sk88,pm-sk83; vb-sk83,pm-sk80,sk56,,
pm-sk71; vb-sk71,pm-sk71; vb-sk71,,pm-sk74; vb-sk74,pm-sk61; vb-sk61,,pm-sk63,vb-sk64,pm-sk63,pm-sk90; vb-sk90,pm-sk90; vb-sk90,pm-sk90; vb-sk90,pm-2-sk90; pm-sk90; vb-sk90,,,pm-dh-sk88; pm-sk85; vb-sk85,pm-2-sk84; pm-sk90; vb-sk86,,pm-finot-sk91; pm-tf11-sk90,,pm-sk81; vb-sk81,pm-sk90; vb-sk80,,pm-gbm3-sk82; pm-mpt-sk80,,pm-sk87; vb-sk87,pm-sk82; vb-sk82,pm-sk79,sk55,,
pm-sk63; vb-sk63,pm-sk63; vb-sk63,,pm-sk75; vb-sk75,pm-sk62; vb-sk62,,pm-sk64,vb-sk65,pm-sk64,pm-sk96; vb-sk96,pm-sk96; vb-sk96,pm-sk59; vb-sk59,pm-2-sk59; pm-sk59; vb-sk59,,,,vb-sk85,,,,pm-sk91; vb-sk91,vb-sk89,,pm-gbm3-sk97; pm-mpt-sk94,,pm-sk102; vb-sk102,pm-sk97; vb-sk97,pm-sk82,sk54,,
pm-sk74; vb-sk74,pm-sk74; vb-sk74,,,pm-sk64; vb-sk64,,pm-sk65,,pm-sk65,pm-sk83; vb-sk83,pm-sk83; vb-sk83,pm-sk49; vb-sk49,pm-2-sk49; pm-sk49; vb-sk49,,,pm-dh-sk108; pm-sk103; vb-sk103,pm-2-sk104; pm-sk110; vb-sk104,,pm-finot-sk110; pm-tf11-sk110,,,vb-sk101,,pm-gbm3-sk107; pm-mpt-sk104,,,pm-sk107; vb-sk107,pm-sk95,sk70,qizil-sk110,
pm-sk75; vb-sk75,pm-sk75; vb-sk75,,,pm-sk65; vb-sk65,,pm-sk66,,pm-sk66,pm-sk82; vb-sk82,pm-sk82; vb-sk82,pm-sk50; vb-sk50,pm-2-sk50; pm-sk50; vb-sk50,,,pm-dh-sk109; pm-sk104; vb-sk104,pm-2-sk105; pm-sk111; vb-sk105,,pm-finot-sk111; pm-tf11-sk111,,pm-sk101; vb-sk101,vb-sk100,,pm-gbm3-sk106; pm-mpt-sk103,,pm-sk111; vb-sk111,pm-sk106; vb-sk106,pm-sk94,sk71,,
pm-sk73; vb-sk73,pm-sk73; vb-sk73,,pm-sk77; vb-sk77,pm-sk66; vb-sk66,,pm-sk67,vb-sk66,pm-sk67,pm-sk81; vb-sk81,pm-sk81; vb-sk81,pm-sk51; vb-sk51,pm-2-sk51; pm-sk51; vb-sk51,,,pm-sk105; vb-sk105,pm-2-sk106; pm-sk112; vb-sk106,,pm-finot-sk112; pm-tf11-sk112,,pm-sk100; vb-sk100,vb-sk99,,pm-gbm3-sk105; pm-mpt-sk102,,pm-sk110; vb-sk110,pm-sk105; vb-sk105,pm-sk93,sk72,,
pm-as1; vb-as1,pm-as1; vb-as1,,pm-as1; vb-as1,pm-as1; vb-as1,,pm-as1,vb-as1,pm-as1,,pm-as1; vb-as1,,pm-2-as1; pm-as1; vb-as1,,,pm-as1,pm-2-as1; pm-as1; vb-as1,,pm-finot-as1; pm-tf11-as1,,pm-as1,pm-as1; vb-as1,,pm-gbm2-as1; pm-gbm3-as1; pm-mpt-as1,,pm-as1,pm-as1; vb-as1,pm-as1,as1,,
pm-as2; vb-as2,pm-as2; vb-as2,,pm-as2; vb-as2,pm-as2; vb-as2,,pm-as2,vb-as2,pm-as2,,pm-as2; vb-as2,,pm-2-as2; pm-as2; vb-as2,,,pm-as2,pm-2-as2; pm-as2; vb-as2,,pm-finot-as2; pm-tf11-as2,,pm-as2,pm-as2; vb-as2,,pm-gbm2-as2; pm-gbm3-as2; pm-mpt-as2,,pm-as2,pm-as2; vb-as2,pm-as2,as2,,
pm-as3; vb-as3,pm-as3; vb-as3,,pm-as3; vb-as3,pm-as3; vb-as3,,pm-as3,vb-as3,pm-as3,,pm-as3; vb-as3,,pm-2-as3; pm-as3; vb-as3,,,pm-as3,pm-2-as3; pm-as3; vb-as3,,pm-finot-as3; pm-tf11-as3,,pm-as3,pm-as3; vb-as3,,pm-gbm2-as3; pm-gbm3-as3; pm-mpt-as3,,pm-as3,pm-as3; vb-as3,pm-as3,as3,,
pm-as4; vb-as4,pm-as4; vb-as4,,pm-as4; vb-as4,pm-as4; vb-as4,,pm-as4,vb-as4,pm-as4,,pm-as5; vb-as5,,pm-2-as4; pm-as4; vb-as4,,,pm-as4,pm-2-as4; pm-as4; vb-as4,,pm-finot-as4; pm-tf11-as4,,pm-as6,pm-as4; vb-as6,,pm-gbm2-as7; pm-gbm3-as7; pm-mpt-as7,,pm-as7,pm-as7; vb-as7,pm-as4,as4,,
pm-as6; vb-as6,pm-as6; vb-as6,,pm-as5; vb-as5,pm-as5; vb-as5,,pm-as5,vb-as5,pm-as5,,pm-as4; vb-as4,,pm-2-as5; pm-as5; vb-as5,,,pm-as5,pm-2-as5; pm-as5; vb-as5,,pm-finot-as5; pm-tf11-as5,,pm-as4,pm-as5; vb-as4,,pm-gbm2-as5; pm-gbm3-as5; pm-mpt-as5,,pm-as5,pm-as5; vb-as5,pm-as5,as5,,
pm-as5; vb-as5,pm-as5; vb-as5,,pm-as6; vb-as6,pm-as6; vb-as6,,pm-as6,vb-as6,pm-as6,,pm-as6; vb-as6,,pm-2-as6; pm-as6; vb-as6,,,pm-as6,pm-2-as6; pm-as6; vb-as6,,pm-finot-as6; pm-tf11-as6,,pm-as5,pm-as6; vb-as5,,pm-gbm2-as4; pm-gbm3-as4; pm-mpt-as4,,pm-as4,pm-as4; vb-as4,pm-as6,as6,,
pm-as7; vb-as7,pm-as7; vb-as7,,pm-as7; vb-as7,pm-as7; vb-as7,,pm-as7,vb-as7,pm-as7,,pm-as7; vb-as7,,pm-2-as7; pm-as7; vb-as7,,,pm-as7,pm-2-as7; pm-as7; vb-as7,,pm-finot-as7; pm-tf11-as7,,pm-as7,pm-as7; vb-as7,,pm-gbm2-as6; pm-gbm3-as6; pm-mpt-as6,,pm-as6,pm-as6; vb-as6,pm-as7,as7,,
